tcr,antigen,label
CASSGLAGGMDEQFF,ARDYVDRFYKTLRAEQASQE,1
CASSGLAGGMDEQFF,CRDYVDRFYKTLRAEQASQE,1
CASSGLAGGMDEQFF,DRDYVDRFYKTLRAEQASQE,1
CASSGLAGGMDEQFF,ERDYVDRFYKTLRAEQASQE,1
CASSGLAGGMDEQFF,FRDYVDRFYKTLRAEQASQE,1
CASSGLAGGMDEQFF,GRDYVDRFYKTLRAEQASQE,1
CASSGLAGGMDEQFF,HRDYVDRFYKTLRAEQASQE,1
CASSGLAGGMDEQFF,IRDYVDRFYKTLRAEQASQE,1
CASSGLAGGMDEQFF,KRDYVDRFYKTLRAEQASQE,1
CASSGLAGGMDEQFF,LRDYVDRFYKTLRAEQASQE,1
CASSGLAGGMDEQFF,MRDYVDRFYKTLRAEQASQE,1
CASSGLAGGMDEQFF,NRDYVDRFYKTLRAEQASQE,1
CASSGLAGGMDEQFF,PRDYVDRFYKTLRAEQASQE,1
CASSGLAGGMDEQFF,QRDYVDRFYKTLRAEQASQE,1
CASSGLAGGMDEQFF,RRDYVDRFYKTLRAEQASQE,1
CASSGLAGGMDEQFF,SRDYVDRFYKTLRAEQASQE,1
CASSGLAGGMDEQFF,TRDYVDRFYKTLRAEQASQE,1
CASSGLAGGMDEQFF,VRDYVDRFYKTLRAEQASQE,1
CASSGLAGGMDEQFF,WRDYVDRFYKTLRAEQASQE,1
CASSGLAGGMDEQFF,YRDYVDRFYKTLRAEQASQE,1
CASSGLAGGMDEQFF,FADYVDRFYKTLRAEQASQE,1
CASSGLAGGMDEQFF,FCDYVDRFYKTLRAEQASQE,1
CASSGLAGGMDEQFF,FDDYVDRFYKTLRAEQASQE,1
CASSGLAGGMDEQFF,FEDYVDRFYKTLRAEQASQE,1
CASSGLAGGMDEQFF,FFDYVDRFYKTLRAEQASQE,1
CASSGLAGGMDEQFF,FGDYVDRFYKTLRAEQASQE,1
CASSGLAGGMDEQFF,FHDYVDRFYKTLRAEQASQE,1
CASSGLAGGMDEQFF,FIDYVDRFYKTLRAEQASQE,1
CASSGLAGGMDEQFF,FKDYVDRFYKTLRAEQASQE,1
CASSGLAGGMDEQFF,FLDYVDRFYKTLRAEQASQE,1
CASSGLAGGMDEQFF,FMDYVDRFYKTLRAEQASQE,1
CASSGLAGGMDEQFF,FNDYVDRFYKTLRAEQASQE,1
CASSGLAGGMDEQFF,FPDYVDRFYKTLRAEQASQE,1
CASSGLAGGMDEQFF,FQDYVDRFYKTLRAEQASQE,1
CASSGLAGGMDEQFF,FSDYVDRFYKTLRAEQASQE,1
CASSGLAGGMDEQFF,FTDYVDRFYKTLRAEQASQE,1
CASSGLAGGMDEQFF,FVDYVDRFYKTLRAEQASQE,1
CASSGLAGGMDEQFF,FWDYVDRFYKTLRAEQASQE,1
CASSGLAGGMDEQFF,FYDYVDRFYKTLRAEQASQE,1
CASSGLAGGMDEQFF,FRAYVDRFYKTLRAEQASQE,1
CASSGLAGGMDEQFF,FRCYVDRFYKTLRAEQASQE,1
CASSGLAGGMDEQFF,FREYVDRFYKTLRAEQASQE,1
CASSGLAGGMDEQFF,FRFYVDRFYKTLRAEQASQE,1
CASSGLAGGMDEQFF,FRGYVDRFYKTLRAEQASQE,1
CASSGLAGGMDEQFF,FRHYVDRFYKTLRAEQASQE,1
CASSGLAGGMDEQFF,FRIYVDRFYKTLRAEQASQE,1
CASSGLAGGMDEQFF,FRKYVDRFYKTLRAEQASQE,1
CASSGLAGGMDEQFF,FRLYVDRFYKTLRAEQASQE,1
CASSGLAGGMDEQFF,FRMYVDRFYKTLRAEQASQE,1
CASSGLAGGMDEQFF,FRNYVDRFYKTLRAEQASQE,1
CASSGLAGGMDEQFF,FRPYVDRFYKTLRAEQASQE,1
CASSGLAGGMDEQFF,FRQYVDRFYKTLRAEQASQE,1
CASSGLAGGMDEQFF,FRRYVDRFYKTLRAEQASQE,1
CASSGLAGGMDEQFF,FRSYVDRFYKTLRAEQASQE,1
CASSGLAGGMDEQFF,FRTYVDRFYKTLRAEQASQE,1
CASSGLAGGMDEQFF,FRVYVDRFYKTLRAEQASQE,1
CASSGLAGGMDEQFF,FRWYVDRFYKTLRAEQASQE,1
CASSGLAGGMDEQFF,FRYYVDRFYKTLRAEQASQE,1
CASSGLAGGMDEQFF,FRDAVDRFYKTLRAEQASQE,1
CASSGLAGGMDEQFF,FRDCVDRFYKTLRAEQASQE,1
CASSGLAGGMDEQFF,FRDDVDRFYKTLRAEQASQE,1
CASSGLAGGMDEQFF,FRDEVDRFYKTLRAEQASQE,1
CASSGLAGGMDEQFF,FRDFVDRFYKTLRAEQASQE,1
CASSGLAGGMDEQFF,FRDGVDRFYKTLRAEQASQE,1
CASSGLAGGMDEQFF,FRDHVDRFYKTLRAEQASQE,1
CASSGLAGGMDEQFF,FRDIVDRFYKTLRAEQASQE,1
CASSGLAGGMDEQFF,FRDKVDRFYKTLRAEQASQE,1
CASSGLAGGMDEQFF,FRDLVDRFYKTLRAEQASQE,1
CASSGLAGGMDEQFF,FRDMVDRFYKTLRAEQASQE,1
CASSGLAGGMDEQFF,FRDNVDRFYKTLRAEQASQE,1
CASSGLAGGMDEQFF,FRDPVDRFYKTLRAEQASQE,1
CASSGLAGGMDEQFF,FRDQVDRFYKTLRAEQASQE,1
CASSGLAGGMDEQFF,FRDRVDRFYKTLRAEQASQE,1
CASSGLAGGMDEQFF,FRDSVDRFYKTLRAEQASQE,1
CASSGLAGGMDEQFF,FRDTVDRFYKTLRAEQASQE,1
CASSGLAGGMDEQFF,FRDVVDRFYKTLRAEQASQE,1
CASSGLAGGMDEQFF,FRDWVDRFYKTLRAEQASQE,1
CASSGLAGGMDEQFF,FRDYADRFYKTLRAEQASQE,1
CASSGLAGGMDEQFF,FRDYCDRFYKTLRAEQASQE,1
CASSGLAGGMDEQFF,FRDYDDRFYKTLRAEQASQE,1
CASSGLAGGMDEQFF,FRDYEDRFYKTLRAEQASQE,1
CASSGLAGGMDEQFF,FRDYFDRFYKTLRAEQASQE,1
CASSGLAGGMDEQFF,FRDYGDRFYKTLRAEQASQE,1
CASSGLAGGMDEQFF,FRDYHDRFYKTLRAEQASQE,1
CASSGLAGGMDEQFF,FRDYIDRFYKTLRAEQASQE,1
CASSGLAGGMDEQFF,FRDYKDRFYKTLRAEQASQE,1
CASSGLAGGMDEQFF,FRDYLDRFYKTLRAEQASQE,1
CASSGLAGGMDEQFF,FRDYMDRFYKTLRAEQASQE,1
CASSGLAGGMDEQFF,FRDYNDRFYKTLRAEQASQE,1
CASSGLAGGMDEQFF,FRDYPDRFYKTLRAEQASQE,1
CASSGLAGGMDEQFF,FRDYQDRFYKTLRAEQASQE,1
CASSGLAGGMDEQFF,FRDYRDRFYKTLRAEQASQE,1
CASSGLAGGMDEQFF,FRDYSDRFYKTLRAEQASQE,1
CASSGLAGGMDEQFF,FRDYTDRFYKTLRAEQASQE,1
CASSGLAGGMDEQFF,FRDYWDRFYKTLRAEQASQE,1
CASSGLAGGMDEQFF,FRDYYDRFYKTLRAEQASQE,1
CASSGLAGGMDEQFF,FRDYVARFYKTLRAEQASQE,1
CASSGLAGGMDEQFF,FRDYVCRFYKTLRAEQASQE,1
CASSGLAGGMDEQFF,FRDYVERFYKTLRAEQASQE,1
CASSGLAGGMDEQFF,FRDYVFRFYKTLRAEQASQE,1
CASSGLAGGMDEQFF,FRDYVGRFYKTLRAEQASQE,1
CASSGLAGGMDEQFF,FRDYVHRFYKTLRAEQASQE,1
CASSGLAGGMDEQFF,FRDYVIRFYKTLRAEQASQE,1
CASSGLAGGMDEQFF,FRDYVKRFYKTLRAEQASQE,1
CASSGLAGGMDEQFF,FRDYVLRFYKTLRAEQASQE,1
CASSGLAGGMDEQFF,FRDYVMRFYKTLRAEQASQE,1
CASSGLAGGMDEQFF,FRDYVNRFYKTLRAEQASQE,1
CASSGLAGGMDEQFF,FRDYVPRFYKTLRAEQASQE,1
CASSGLAGGMDEQFF,FRDYVQRFYKTLRAEQASQE,1
CASSGLAGGMDEQFF,FRDYVRRFYKTLRAEQASQE,1
CASSGLAGGMDEQFF,FRDYVSRFYKTLRAEQASQE,1
CASSGLAGGMDEQFF,FRDYVTRFYKTLRAEQASQE,1
CASSGLAGGMDEQFF,FRDYVVRFYKTLRAEQASQE,1
CASSGLAGGMDEQFF,FRDYVWRFYKTLRAEQASQE,1
CASSGLAGGMDEQFF,FRDYVYRFYKTLRAEQASQE,1
CASSGLAGGMDEQFF,FRDYVDAFYKTLRAEQASQE,1
CASSGLAGGMDEQFF,FRDYVDCFYKTLRAEQASQE,1
CASSGLAGGMDEQFF,FRDYVDDFYKTLRAEQASQE,1
CASSGLAGGMDEQFF,FRDYVDEFYKTLRAEQASQE,1
CASSGLAGGMDEQFF,FRDYVDFFYKTLRAEQASQE,1
CASSGLAGGMDEQFF,FRDYVDGFYKTLRAEQASQE,1
CASSGLAGGMDEQFF,FRDYVDHFYKTLRAEQASQE,1
CASSGLAGGMDEQFF,FRDYVDIFYKTLRAEQASQE,1
CASSGLAGGMDEQFF,FRDYVDKFYKTLRAEQASQE,1
CASSGLAGGMDEQFF,FRDYVDLFYKTLRAEQASQE,1
CASSGLAGGMDEQFF,FRDYVDMFYKTLRAEQASQE,1
CASSGLAGGMDEQFF,FRDYVDNFYKTLRAEQASQE,1
CASSGLAGGMDEQFF,FRDYVDPFYKTLRAEQASQE,1
CASSGLAGGMDEQFF,FRDYVDQFYKTLRAEQASQE,1
CASSGLAGGMDEQFF,FRDYVDSFYKTLRAEQASQE,1
CASSGLAGGMDEQFF,FRDYVDTFYKTLRAEQASQE,1
CASSGLAGGMDEQFF,FRDYVDVFYKTLRAEQASQE,1
CASSGLAGGMDEQFF,FRDYVDWFYKTLRAEQASQE,1
CASSGLAGGMDEQFF,FRDYVDYFYKTLRAEQASQE,1
CASSGLAGGMDEQFF,FRDYVDRAYKTLRAEQASQE,0
CASSGLAGGMDEQFF,FRDYVDRCYKTLRAEQASQE,1
CASSGLAGGMDEQFF,FRDYVDRDYKTLRAEQASQE,0
CASSGLAGGMDEQFF,FRDYVDREYKTLRAEQASQE,0
CASSGLAGGMDEQFF,FRDYVDRGYKTLRAEQASQE,0
CASSGLAGGMDEQFF,FRDYVDRHYKTLRAEQASQE,1
CASSGLAGGMDEQFF,FRDYVDRIYKTLRAEQASQE,1
CASSGLAGGMDEQFF,FRDYVDRKYKTLRAEQASQE,0
CASSGLAGGMDEQFF,FRDYVDRLYKTLRAEQASQE,0
CASSGLAGGMDEQFF,FRDYVDRMYKTLRAEQASQE,0
CASSGLAGGMDEQFF,FRDYVDRNYKTLRAEQASQE,0
CASSGLAGGMDEQFF,FRDYVDRPYKTLRAEQASQE,0
CASSGLAGGMDEQFF,FRDYVDRQYKTLRAEQASQE,0
CASSGLAGGMDEQFF,FRDYVDRRYKTLRAEQASQE,0
CASSGLAGGMDEQFF,FRDYVDRSYKTLRAEQASQE,0
CASSGLAGGMDEQFF,FRDYVDRTYKTLRAEQASQE,0
CASSGLAGGMDEQFF,FRDYVDRVYKTLRAEQASQE,1
CASSGLAGGMDEQFF,FRDYVDRWYKTLRAEQASQE,1
CASSGLAGGMDEQFF,FRDYVDRYYKTLRAEQASQE,1
CASSGLAGGMDEQFF,FRDYVDRFAKTLRAEQASQE,0
CASSGLAGGMDEQFF,FRDYVDRFCKTLRAEQASQE,0
CASSGLAGGMDEQFF,FRDYVDRFDKTLRAEQASQE,0
CASSGLAGGMDEQFF,FRDYVDRFEKTLRAEQASQE,0
CASSGLAGGMDEQFF,FRDYVDRFFKTLRAEQASQE,1
CASSGLAGGMDEQFF,FRDYVDRFGKTLRAEQASQE,0
CASSGLAGGMDEQFF,FRDYVDRFHKTLRAEQASQE,1
CASSGLAGGMDEQFF,FRDYVDRFIKTLRAEQASQE,1
CASSGLAGGMDEQFF,FRDYVDRFKKTLRAEQASQE,0
CASSGLAGGMDEQFF,FRDYVDRFLKTLRAEQASQE,1
CASSGLAGGMDEQFF,FRDYVDRFMKTLRAEQASQE,1
CASSGLAGGMDEQFF,FRDYVDRFNKTLRAEQASQE,0
CASSGLAGGMDEQFF,FRDYVDRFPKTLRAEQASQE,0
CASSGLAGGMDEQFF,FRDYVDRFQKTLRAEQASQE,0
CASSGLAGGMDEQFF,FRDYVDRFRKTLRAEQASQE,0
CASSGLAGGMDEQFF,FRDYVDRFSKTLRAEQASQE,0
CASSGLAGGMDEQFF,FRDYVDRFTKTLRAEQASQE,0
CASSGLAGGMDEQFF,FRDYVDRFVKTLRAEQASQE,1
CASSGLAGGMDEQFF,FRDYVDRFWKTLRAEQASQE,1
CASSGLAGGMDEQFF,FRDYVDRFYATLRAEQASQE,0
CASSGLAGGMDEQFF,FRDYVDRFYCTLRAEQASQE,0
CASSGLAGGMDEQFF,FRDYVDRFYDTLRAEQASQE,0
CASSGLAGGMDEQFF,FRDYVDRFYETLRAEQASQE,0
CASSGLAGGMDEQFF,FRDYVDRFYFTLRAEQASQE,0
CASSGLAGGMDEQFF,FRDYVDRFYGTLRAEQASQE,0
CASSGLAGGMDEQFF,FRDYVDRFYHTLRAEQASQE,1
CASSGLAGGMDEQFF,FRDYVDRFYITLRAEQASQE,0
CASSGLAGGMDEQFF,FRDYVDRFYLTLRAEQASQE,0
CASSGLAGGMDEQFF,FRDYVDRFYMTLRAEQASQE,0
CASSGLAGGMDEQFF,FRDYVDRFYNTLRAEQASQE,1
CASSGLAGGMDEQFF,FRDYVDRFYPTLRAEQASQE,0
CASSGLAGGMDEQFF,FRDYVDRFYQTLRAEQASQE,0
CASSGLAGGMDEQFF,FRDYVDRFYRTLRAEQASQE,1
CASSGLAGGMDEQFF,FRDYVDRFYSTLRAEQASQE,0
CASSGLAGGMDEQFF,FRDYVDRFYTTLRAEQASQE,0
CASSGLAGGMDEQFF,FRDYVDRFYVTLRAEQASQE,1
CASSGLAGGMDEQFF,FRDYVDRFYWTLRAEQASQE,0
CASSGLAGGMDEQFF,FRDYVDRFYYTLRAEQASQE,0
CASSGLAGGMDEQFF,FRDYVDRFYKALRAEQASQE,1
CASSGLAGGMDEQFF,FRDYVDRFYKCLRAEQASQE,1
CASSGLAGGMDEQFF,FRDYVDRFYKDLRAEQASQE,0
CASSGLAGGMDEQFF,FRDYVDRFYKELRAEQASQE,0
CASSGLAGGMDEQFF,FRDYVDRFYKFLRAEQASQE,0
CASSGLAGGMDEQFF,FRDYVDRFYKGLRAEQASQE,1
CASSGLAGGMDEQFF,FRDYVDRFYKHLRAEQASQE,0
CASSGLAGGMDEQFF,FRDYVDRFYKILRAEQASQE,1
CASSGLAGGMDEQFF,FRDYVDRFYKKLRAEQASQE,0
CASSGLAGGMDEQFF,FRDYVDRFYKLLRAEQASQE,1
CASSGLAGGMDEQFF,FRDYVDRFYKMLRAEQASQE,0
CASSGLAGGMDEQFF,FRDYVDRFYKNLRAEQASQE,0
CASSGLAGGMDEQFF,FRDYVDRFYKPLRAEQASQE,0
CASSGLAGGMDEQFF,FRDYVDRFYKQLRAEQASQE,0
CASSGLAGGMDEQFF,FRDYVDRFYKRLRAEQASQE,1
CASSGLAGGMDEQFF,FRDYVDRFYKSLRAEQASQE,1
CASSGLAGGMDEQFF,FRDYVDRFYKVLRAEQASQE,1
CASSGLAGGMDEQFF,FRDYVDRFYKWLRAEQASQE,0
CASSGLAGGMDEQFF,FRDYVDRFYKYLRAEQASQE,0
CASSGLAGGMDEQFF,FRDYVDRFYKTARAEQASQE,1
CASSGLAGGMDEQFF,FRDYVDRFYKTCRAEQASQE,1
CASSGLAGGMDEQFF,FRDYVDRFYKTDRAEQASQE,0
CASSGLAGGMDEQFF,FRDYVDRFYKTERAEQASQE,1
CASSGLAGGMDEQFF,FRDYVDRFYKTFRAEQASQE,0
CASSGLAGGMDEQFF,FRDYVDRFYKTGRAEQASQE,0
CASSGLAGGMDEQFF,FRDYVDRFYKTHRAEQASQE,0
CASSGLAGGMDEQFF,FRDYVDRFYKTIRAEQASQE,1
CASSGLAGGMDEQFF,FRDYVDRFYKTKRAEQASQE,0
CASSGLAGGMDEQFF,FRDYVDRFYKTMRAEQASQE,1
CASSGLAGGMDEQFF,FRDYVDRFYKTNRAEQASQE,1
CASSGLAGGMDEQFF,FRDYVDRFYKTPRAEQASQE,0
CASSGLAGGMDEQFF,FRDYVDRFYKTQRAEQASQE,1
CASSGLAGGMDEQFF,FRDYVDRFYKTRRAEQASQE,0
CASSGLAGGMDEQFF,FRDYVDRFYKTSRAEQASQE,1
CASSGLAGGMDEQFF,FRDYVDRFYKTTRAEQASQE,1
CASSGLAGGMDEQFF,FRDYVDRFYKTVRAEQASQE,1
CASSGLAGGMDEQFF,FRDYVDRFYKTWRAEQASQE,0
CASSGLAGGMDEQFF,FRDYVDRFYKTYRAEQASQE,0
CASSGLAGGMDEQFF,FRDYVDRFYKTLAAEQASQE,0
CASSGLAGGMDEQFF,FRDYVDRFYKTLCAEQASQE,0
CASSGLAGGMDEQFF,FRDYVDRFYKTLDAEQASQE,0
CASSGLAGGMDEQFF,FRDYVDRFYKTLEAEQASQE,0
CASSGLAGGMDEQFF,FRDYVDRFYKTLFAEQASQE,0
CASSGLAGGMDEQFF,FRDYVDRFYKTLGAEQASQE,0
CASSGLAGGMDEQFF,FRDYVDRFYKTLHAEQASQE,0
CASSGLAGGMDEQFF,FRDYVDRFYKTLIAEQASQE,0
CASSGLAGGMDEQFF,FRDYVDRFYKTLKAEQASQE,0
CASSGLAGGMDEQFF,FRDYVDRFYKTLLAEQASQE,1
CASSGLAGGMDEQFF,FRDYVDRFYKTLMAEQASQE,0
CASSGLAGGMDEQFF,FRDYVDRFYKTLNAEQASQE,0
CASSGLAGGMDEQFF,FRDYVDRFYKTLPAEQASQE,0
CASSGLAGGMDEQFF,FRDYVDRFYKTLQAEQASQE,0
CASSGLAGGMDEQFF,FRDYVDRFYKTLSAEQASQE,0
CASSGLAGGMDEQFF,FRDYVDRFYKTLTAEQASQE,0
CASSGLAGGMDEQFF,FRDYVDRFYKTLVAEQASQE,0
CASSGLAGGMDEQFF,FRDYVDRFYKTLWAEQASQE,0
CASSGLAGGMDEQFF,FRDYVDRFYKTLYAEQASQE,0
CASSGLAGGMDEQFF,FRDYVDRFYKTLRCEQASQE,1
CASSGLAGGMDEQFF,FRDYVDRFYKTLRDEQASQE,1
CASSGLAGGMDEQFF,FRDYVDRFYKTLREEQASQE,1
CASSGLAGGMDEQFF,FRDYVDRFYKTLRFEQASQE,0
CASSGLAGGMDEQFF,FRDYVDRFYKTLRGEQASQE,1
CASSGLAGGMDEQFF,FRDYVDRFYKTLRHEQASQE,1
CASSGLAGGMDEQFF,FRDYVDRFYKTLRIEQASQE,1
CASSGLAGGMDEQFF,FRDYVDRFYKTLRKEQASQE,1
CASSGLAGGMDEQFF,FRDYVDRFYKTLRLEQASQE,1
CASSGLAGGMDEQFF,FRDYVDRFYKTLRMEQASQE,1
CASSGLAGGMDEQFF,FRDYVDRFYKTLRNEQASQE,1
CASSGLAGGMDEQFF,FRDYVDRFYKTLRPEQASQE,0
CASSGLAGGMDEQFF,FRDYVDRFYKTLRQEQASQE,1
CASSGLAGGMDEQFF,FRDYVDRFYKTLRREQASQE,1
CASSGLAGGMDEQFF,FRDYVDRFYKTLRSEQASQE,1
CASSGLAGGMDEQFF,FRDYVDRFYKTLRTEQASQE,1
CASSGLAGGMDEQFF,FRDYVDRFYKTLRVEQASQE,1
CASSGLAGGMDEQFF,FRDYVDRFYKTLRWEQASQE,0
CASSGLAGGMDEQFF,FRDYVDRFYKTLRYEQASQE,1
CASSGLAGGMDEQFF,FRDYVDRFYKTLRAAQASQE,0
CASSGLAGGMDEQFF,FRDYVDRFYKTLRACQASQE,0
CASSGLAGGMDEQFF,FRDYVDRFYKTLRADQASQE,0
CASSGLAGGMDEQFF,FRDYVDRFYKTLRAFQASQE,0
CASSGLAGGMDEQFF,FRDYVDRFYKTLRAGQASQE,0
CASSGLAGGMDEQFF,FRDYVDRFYKTLRAHQASQE,0
CASSGLAGGMDEQFF,FRDYVDRFYKTLRAIQASQE,0
CASSGLAGGMDEQFF,FRDYVDRFYKTLRAKQASQE,0
CASSGLAGGMDEQFF,FRDYVDRFYKTLRALQASQE,0
CASSGLAGGMDEQFF,FRDYVDRFYKTLRAMQASQE,0
CASSGLAGGMDEQFF,FRDYVDRFYKTLRANQASQE,0
CASSGLAGGMDEQFF,FRDYVDRFYKTLRAPQASQE,0
CASSGLAGGMDEQFF,FRDYVDRFYKTLRAQQASQE,0
CASSGLAGGMDEQFF,FRDYVDRFYKTLRARQASQE,0
CASSGLAGGMDEQFF,FRDYVDRFYKTLRASQASQE,0
CASSGLAGGMDEQFF,FRDYVDRFYKTLRATQASQE,0
CASSGLAGGMDEQFF,FRDYVDRFYKTLRAVQASQE,0
CASSGLAGGMDEQFF,FRDYVDRFYKTLRAWQASQE,0
CASSGLAGGMDEQFF,FRDYVDRFYKTLRAYQASQE,0
CASSGLAGGMDEQFF,FRDYVDRFYKTLRAEAASQE,0
CASSGLAGGMDEQFF,FRDYVDRFYKTLRAECASQE,0
CASSGLAGGMDEQFF,FRDYVDRFYKTLRAEDASQE,1
CASSGLAGGMDEQFF,FRDYVDRFYKTLRAEEASQE,1
CASSGLAGGMDEQFF,FRDYVDRFYKTLRAEFASQE,0
CASSGLAGGMDEQFF,FRDYVDRFYKTLRAEGASQE,0
CASSGLAGGMDEQFF,FRDYVDRFYKTLRAEHASQE,0
CASSGLAGGMDEQFF,FRDYVDRFYKTLRAEIASQE,0
CASSGLAGGMDEQFF,FRDYVDRFYKTLRAEKASQE,1
CASSGLAGGMDEQFF,FRDYVDRFYKTLRAELASQE,0
CASSGLAGGMDEQFF,FRDYVDRFYKTLRAEMASQE,0
CASSGLAGGMDEQFF,FRDYVDRFYKTLRAENASQE,1
CASSGLAGGMDEQFF,FRDYVDRFYKTLRAEPASQE,0
CASSGLAGGMDEQFF,FRDYVDRFYKTLRAERASQE,0
CASSGLAGGMDEQFF,FRDYVDRFYKTLRAESASQE,0
CASSGLAGGMDEQFF,FRDYVDRFYKTLRAETASQE,0
CASSGLAGGMDEQFF,FRDYVDRFYKTLRAEVASQE,0
CASSGLAGGMDEQFF,FRDYVDRFYKTLRAEWASQE,0
CASSGLAGGMDEQFF,FRDYVDRFYKTLRAEYASQE,0
CASSGLAGGMDEQFF,FRDYVDRFYKTLRAEQCSQE,1
CASSGLAGGMDEQFF,FRDYVDRFYKTLRAEQDSQE,0
CASSGLAGGMDEQFF,FRDYVDRFYKTLRAEQESQE,1
CASSGLAGGMDEQFF,FRDYVDRFYKTLRAEQFSQE,0
CASSGLAGGMDEQFF,FRDYVDRFYKTLRAEQGSQE,1
CASSGLAGGMDEQFF,FRDYVDRFYKTLRAEQHSQE,1
CASSGLAGGMDEQFF,FRDYVDRFYKTLRAEQISQE,0
CASSGLAGGMDEQFF,FRDYVDRFYKTLRAEQKSQE,1
CASSGLAGGMDEQFF,FRDYVDRFYKTLRAEQLSQE,1
CASSGLAGGMDEQFF,FRDYVDRFYKTLRAEQMSQE,1
CASSGLAGGMDEQFF,FRDYVDRFYKTLRAEQNSQE,1
CASSGLAGGMDEQFF,FRDYVDRFYKTLRAEQPSQE,0
CASSGLAGGMDEQFF,FRDYVDRFYKTLRAEQQSQE,1
CASSGLAGGMDEQFF,FRDYVDRFYKTLRAEQRSQE,1
CASSGLAGGMDEQFF,FRDYVDRFYKTLRAEQSSQE,1
CASSGLAGGMDEQFF,FRDYVDRFYKTLRAEQTSQE,1
CASSGLAGGMDEQFF,FRDYVDRFYKTLRAEQVSQE,1
CASSGLAGGMDEQFF,FRDYVDRFYKTLRAEQWSQE,0
CASSGLAGGMDEQFF,FRDYVDRFYKTLRAEQYSQE,1
CASSGLAGGMDEQFF,FRDYVDRFYKTLRAEQAAQE,1
CASSGLAGGMDEQFF,FRDYVDRFYKTLRAEQACQE,1
CASSGLAGGMDEQFF,FRDYVDRFYKTLRAEQADQE,1
CASSGLAGGMDEQFF,FRDYVDRFYKTLRAEQAEQE,1
CASSGLAGGMDEQFF,FRDYVDRFYKTLRAEQAFQE,1
CASSGLAGGMDEQFF,FRDYVDRFYKTLRAEQAGQE,1
CASSGLAGGMDEQFF,FRDYVDRFYKTLRAEQAHQE,1
CASSGLAGGMDEQFF,FRDYVDRFYKTLRAEQAIQE,1
CASSGLAGGMDEQFF,FRDYVDRFYKTLRAEQAKQE,1
CASSGLAGGMDEQFF,FRDYVDRFYKTLRAEQALQE,1
CASSGLAGGMDEQFF,FRDYVDRFYKTLRAEQAMQE,1
CASSGLAGGMDEQFF,FRDYVDRFYKTLRAEQANQE,1
CASSGLAGGMDEQFF,FRDYVDRFYKTLRAEQAPQE,1
CASSGLAGGMDEQFF,FRDYVDRFYKTLRAEQAQQE,1
CASSGLAGGMDEQFF,FRDYVDRFYKTLRAEQARQE,1
CASSGLAGGMDEQFF,FRDYVDRFYKTLRAEQATQE,1
CASSGLAGGMDEQFF,FRDYVDRFYKTLRAEQAVQE,1
CASSGLAGGMDEQFF,FRDYVDRFYKTLRAEQAWQE,1
CASSGLAGGMDEQFF,FRDYVDRFYKTLRAEQAYQE,1
CASSGLAGGMDEQFF,FRDYVDRFYKTLRAEQASAE,1
CASSGLAGGMDEQFF,FRDYVDRFYKTLRAEQASCE,1
CASSGLAGGMDEQFF,FRDYVDRFYKTLRAEQASDE,1
CASSGLAGGMDEQFF,FRDYVDRFYKTLRAEQASEE,1
CASSGLAGGMDEQFF,FRDYVDRFYKTLRAEQASFE,1
CASSGLAGGMDEQFF,FRDYVDRFYKTLRAEQASGE,1
CASSGLAGGMDEQFF,FRDYVDRFYKTLRAEQASHE,1
CASSGLAGGMDEQFF,FRDYVDRFYKTLRAEQASIE,1
CASSGLAGGMDEQFF,FRDYVDRFYKTLRAEQASKE,1
CASSGLAGGMDEQFF,FRDYVDRFYKTLRAEQASLE,1
CASSGLAGGMDEQFF,FRDYVDRFYKTLRAEQASME,1
CASSGLAGGMDEQFF,FRDYVDRFYKTLRAEQASNE,1
CASSGLAGGMDEQFF,FRDYVDRFYKTLRAEQASPE,1
CASSGLAGGMDEQFF,FRDYVDRFYKTLRAEQASRE,1
CASSGLAGGMDEQFF,FRDYVDRFYKTLRAEQASSE,1
CASSGLAGGMDEQFF,FRDYVDRFYKTLRAEQASTE,1
CASSGLAGGMDEQFF,FRDYVDRFYKTLRAEQASVE,1
CASSGLAGGMDEQFF,FRDYVDRFYKTLRAEQASWE,1
CASSGLAGGMDEQFF,FRDYVDRFYKTLRAEQASYE,1
CASSGLAGGMDEQFF,FRDYVDRFYKTLRAEQASQA,1
CASSGLAGGMDEQFF,FRDYVDRFYKTLRAEQASQC,1
CASSGLAGGMDEQFF,FRDYVDRFYKTLRAEQASQD,1
CASSGLAGGMDEQFF,FRDYVDRFYKTLRAEQASQF,1
CASSGLAGGMDEQFF,FRDYVDRFYKTLRAEQASQG,1
CASSGLAGGMDEQFF,FRDYVDRFYKTLRAEQASQH,1
CASSGLAGGMDEQFF,FRDYVDRFYKTLRAEQASQI,1
CASSGLAGGMDEQFF,FRDYVDRFYKTLRAEQASQK,1
CASSGLAGGMDEQFF,FRDYVDRFYKTLRAEQASQL,1
CASSGLAGGMDEQFF,FRDYVDRFYKTLRAEQASQM,1
CASSGLAGGMDEQFF,FRDYVDRFYKTLRAEQASQN,1
CASSGLAGGMDEQFF,FRDYVDRFYKTLRAEQASQP,1
CASSGLAGGMDEQFF,FRDYVDRFYKTLRAEQASQQ,1
CASSGLAGGMDEQFF,FRDYVDRFYKTLRAEQASQR,1
CASSGLAGGMDEQFF,FRDYVDRFYKTLRAEQASQS,1
CASSGLAGGMDEQFF,FRDYVDRFYKTLRAEQASQT,1
CASSGLAGGMDEQFF,FRDYVDRFYKTLRAEQASQV,1
CASSGLAGGMDEQFF,FRDYVDRFYKTLRAEQASQW,1
CASSGLAGGMDEQFF,FRDYVDRFYKTLRAEQASQY,1
CASSVMTGLNTEAFF,APVPGVLLKEFTVSGNILTI,1
CASSVMTGLNTEAFF,CPVPGVLLKEFTVSGNILTI,1
CASSVMTGLNTEAFF,DPVPGVLLKEFTVSGNILTI,1
CASSVMTGLNTEAFF,EPVPGVLLKEFTVSGNILTI,1
CASSVMTGLNTEAFF,FPVPGVLLKEFTVSGNILTI,1
CASSVMTGLNTEAFF,GPVPGVLLKEFTVSGNILTI,1
CASSVMTGLNTEAFF,HPVPGVLLKEFTVSGNILTI,1
CASSVMTGLNTEAFF,IPVPGVLLKEFTVSGNILTI,1
CASSVMTGLNTEAFF,KPVPGVLLKEFTVSGNILTI,1
CASSVMTGLNTEAFF,LPVPGVLLKEFTVSGNILTI,1
CASSVMTGLNTEAFF,MPVPGVLLKEFTVSGNILTI,1
CASSVMTGLNTEAFF,NPVPGVLLKEFTVSGNILTI,1
CASSVMTGLNTEAFF,PPVPGVLLKEFTVSGNILTI,1
CASSVMTGLNTEAFF,QPVPGVLLKEFTVSGNILTI,1
CASSVMTGLNTEAFF,RPVPGVLLKEFTVSGNILTI,1
CASSVMTGLNTEAFF,SPVPGVLLKEFTVSGNILTI,1
CASSVMTGLNTEAFF,TPVPGVLLKEFTVSGNILTI,1
CASSVMTGLNTEAFF,VPVPGVLLKEFTVSGNILTI,1
CASSVMTGLNTEAFF,WPVPGVLLKEFTVSGNILTI,1
CASSVMTGLNTEAFF,YPVPGVLLKEFTVSGNILTI,1
CASSVMTGLNTEAFF,LAVPGVLLKEFTVSGNILTI,1
CASSVMTGLNTEAFF,LCVPGVLLKEFTVSGNILTI,1
CASSVMTGLNTEAFF,LDVPGVLLKEFTVSGNILTI,1
CASSVMTGLNTEAFF,LEVPGVLLKEFTVSGNILTI,1
CASSVMTGLNTEAFF,LFVPGVLLKEFTVSGNILTI,1
CASSVMTGLNTEAFF,LGVPGVLLKEFTVSGNILTI,1
CASSVMTGLNTEAFF,LHVPGVLLKEFTVSGNILTI,1
CASSVMTGLNTEAFF,LIVPGVLLKEFTVSGNILTI,1
CASSVMTGLNTEAFF,LKVPGVLLKEFTVSGNILTI,1
CASSVMTGLNTEAFF,LLVPGVLLKEFTVSGNILTI,1
CASSVMTGLNTEAFF,LMVPGVLLKEFTVSGNILTI,1
CASSVMTGLNTEAFF,LNVPGVLLKEFTVSGNILTI,1
CASSVMTGLNTEAFF,LQVPGVLLKEFTVSGNILTI,1
CASSVMTGLNTEAFF,LRVPGVLLKEFTVSGNILTI,1
CASSVMTGLNTEAFF,LSVPGVLLKEFTVSGNILTI,1
CASSVMTGLNTEAFF,LTVPGVLLKEFTVSGNILTI,1
CASSVMTGLNTEAFF,LVVPGVLLKEFTVSGNILTI,1
CASSVMTGLNTEAFF,LWVPGVLLKEFTVSGNILTI,1
CASSVMTGLNTEAFF,LYVPGVLLKEFTVSGNILTI,1
CASSVMTGLNTEAFF,LPAPGVLLKEFTVSGNILTI,1
CASSVMTGLNTEAFF,LPCPGVLLKEFTVSGNILTI,1
CASSVMTGLNTEAFF,LPDPGVLLKEFTVSGNILTI,1
CASSVMTGLNTEAFF,LPEPGVLLKEFTVSGNILTI,1
CASSVMTGLNTEAFF,LPFPGVLLKEFTVSGNILTI,1
CASSVMTGLNTEAFF,LPGPGVLLKEFTVSGNILTI,1
CASSVMTGLNTEAFF,LPHPGVLLKEFTVSGNILTI,1
CASSVMTGLNTEAFF,LPIPGVLLKEFTVSGNILTI,1
CASSVMTGLNTEAFF,LPKPGVLLKEFTVSGNILTI,1
CASSVMTGLNTEAFF,LPLPGVLLKEFTVSGNILTI,1
CASSVMTGLNTEAFF,LPMPGVLLKEFTVSGNILTI,1
CASSVMTGLNTEAFF,LPNPGVLLKEFTVSGNILTI,1
CASSVMTGLNTEAFF,LPPPGVLLKEFTVSGNILTI,1
CASSVMTGLNTEAFF,LPQPGVLLKEFTVSGNILTI,1
CASSVMTGLNTEAFF,LPRPGVLLKEFTVSGNILTI,1
CASSVMTGLNTEAFF,LPSPGVLLKEFTVSGNILTI,1
CASSVMTGLNTEAFF,LPTPGVLLKEFTVSGNILTI,1
CASSVMTGLNTEAFF,LPWPGVLLKEFTVSGNILTI,1
CASSVMTGLNTEAFF,LPYPGVLLKEFTVSGNILTI,1
CASSVMTGLNTEAFF,LPVAGVLLKEFTVSGNILTI,1
CASSVMTGLNTEAFF,LPVCGVLLKEFTVSGNILTI,1
CASSVMTGLNTEAFF,LPVDGVLLKEFTVSGNILTI,1
CASSVMTGLNTEAFF,LPVEGVLLKEFTVSGNILTI,1
CASSVMTGLNTEAFF,LPVFGVLLKEFTVSGNILTI,1
CASSVMTGLNTEAFF,LPVGGVLLKEFTVSGNILTI,1
CASSVMTGLNTEAFF,LPVHGVLLKEFTVSGNILTI,1
CASSVMTGLNTEAFF,LPVIGVLLKEFTVSGNILTI,1
CASSVMTGLNTEAFF,LPVKGVLLKEFTVSGNILTI,1
CASSVMTGLNTEAFF,LPVLGVLLKEFTVSGNILTI,1
CASSVMTGLNTEAFF,LPVMGVLLKEFTVSGNILTI,1
CASSVMTGLNTEAFF,LPVNGVLLKEFTVSGNILTI,1
CASSVMTGLNTEAFF,LPVQGVLLKEFTVSGNILTI,1
CASSVMTGLNTEAFF,LPVRGVLLKEFTVSGNILTI,1
CASSVMTGLNTEAFF,LPVSGVLLKEFTVSGNILTI,1
CASSVMTGLNTEAFF,LPVTGVLLKEFTVSGNILTI,1
CASSVMTGLNTEAFF,LPVVGVLLKEFTVSGNILTI,1
CASSVMTGLNTEAFF,LPVWGVLLKEFTVSGNILTI,1
CASSVMTGLNTEAFF,LPVYGVLLKEFTVSGNILTI,1
CASSVMTGLNTEAFF,LPVPAVLLKEFTVSGNILTI,1
CASSVMTGLNTEAFF,LPVPCVLLKEFTVSGNILTI,1
CASSVMTGLNTEAFF,LPVPDVLLKEFTVSGNILTI,1
CASSVMTGLNTEAFF,LPVPEVLLKEFTVSGNILTI,1
CASSVMTGLNTEAFF,LPVPFVLLKEFTVSGNILTI,1
CASSVMTGLNTEAFF,LPVPHVLLKEFTVSGNILTI,1
CASSVMTGLNTEAFF,LPVPIVLLKEFTVSGNILTI,1
CASSVMTGLNTEAFF,LPVPKVLLKEFTVSGNILTI,1
CASSVMTGLNTEAFF,LPVPLVLLKEFTVSGNILTI,1
CASSVMTGLNTEAFF,LPVPMVLLKEFTVSGNILTI,1
CASSVMTGLNTEAFF,LPVPNVLLKEFTVSGNILTI,1
CASSVMTGLNTEAFF,LPVPPVLLKEFTVSGNILTI,1
CASSVMTGLNTEAFF,LPVPQVLLKEFTVSGNILTI,1
CASSVMTGLNTEAFF,LPVPRVLLKEFTVSGNILTI,1
CASSVMTGLNTEAFF,LPVPSVLLKEFTVSGNILTI,1
CASSVMTGLNTEAFF,LPVPTVLLKEFTVSGNILTI,1
CASSVMTGLNTEAFF,LPVPVVLLKEFTVSGNILTI,1
CASSVMTGLNTEAFF,LPVPWVLLKEFTVSGNILTI,1
CASSVMTGLNTEAFF,LPVPYVLLKEFTVSGNILTI,1
CASSVMTGLNTEAFF,LPVPGALLKEFTVSGNILTI,1
CASSVMTGLNTEAFF,LPVPGCLLKEFTVSGNILTI,1
CASSVMTGLNTEAFF,LPVPGDLLKEFTVSGNILTI,1
CASSVMTGLNTEAFF,LPVPGELLKEFTVSGNILTI,1
CASSVMTGLNTEAFF,LPVPGFLLKEFTVSGNILTI,1
CASSVMTGLNTEAFF,LPVPGGLLKEFTVSGNILTI,1
CASSVMTGLNTEAFF,LPVPGHLLKEFTVSGNILTI,1
CASSVMTGLNTEAFF,LPVPGILLKEFTVSGNILTI,1
CASSVMTGLNTEAFF,LPVPGKLLKEFTVSGNILTI,1
CASSVMTGLNTEAFF,LPVPGLLLKEFTVSGNILTI,1
CASSVMTGLNTEAFF,LPVPGMLLKEFTVSGNILTI,1
CASSVMTGLNTEAFF,LPVPGNLLKEFTVSGNILTI,1
CASSVMTGLNTEAFF,LPVPGPLLKEFTVSGNILTI,1
CASSVMTGLNTEAFF,LPVPGQLLKEFTVSGNILTI,1
CASSVMTGLNTEAFF,LPVPGRLLKEFTVSGNILTI,1
CASSVMTGLNTEAFF,LPVPGSLLKEFTVSGNILTI,1
CASSVMTGLNTEAFF,LPVPGTLLKEFTVSGNILTI,1
CASSVMTGLNTEAFF,LPVPGWLLKEFTVSGNILTI,1
CASSVMTGLNTEAFF,LPVPGYLLKEFTVSGNILTI,1
CASSVMTGLNTEAFF,LPVPGVALKEFTVSGNILTI,1
CASSVMTGLNTEAFF,LPVPGVCLKEFTVSGNILTI,0
CASSVMTGLNTEAFF,LPVPGVDLKEFTVSGNILTI,0
CASSVMTGLNTEAFF,LPVPGVELKEFTVSGNILTI,0
CASSVMTGLNTEAFF,LPVPGVFLKEFTVSGNILTI,1
CASSVMTGLNTEAFF,LPVPGVGLKEFTVSGNILTI,0
CASSVMTGLNTEAFF,LPVPGVHLKEFTVSGNILTI,0
CASSVMTGLNTEAFF,LPVPGVILKEFTVSGNILTI,1
CASSVMTGLNTEAFF,LPVPGVKLKEFTVSGNILTI,0
CASSVMTGLNTEAFF,LPVPGVMLKEFTVSGNILTI,1
CASSVMTGLNTEAFF,LPVPGVNLKEFTVSGNILTI,0
CASSVMTGLNTEAFF,LPVPGVPLKEFTVSGNILTI,0
CASSVMTGLNTEAFF,LPVPGVQLKEFTVSGNILTI,0
CASSVMTGLNTEAFF,LPVPGVRLKEFTVSGNILTI,0
CASSVMTGLNTEAFF,LPVPGVSLKEFTVSGNILTI,0
CASSVMTGLNTEAFF,LPVPGVTLKEFTVSGNILTI,0
CASSVMTGLNTEAFF,LPVPGVVLKEFTVSGNILTI,1
CASSVMTGLNTEAFF,LPVPGVWLKEFTVSGNILTI,1
CASSVMTGLNTEAFF,LPVPGVYLKEFTVSGNILTI,1
CASSVMTGLNTEAFF,LPVPGVLAKEFTVSGNILTI,0
CASSVMTGLNTEAFF,LPVPGVLCKEFTVSGNILTI,0
CASSVMTGLNTEAFF,LPVPGVLDKEFTVSGNILTI,0
CASSVMTGLNTEAFF,LPVPGVLEKEFTVSGNILTI,0
CASSVMTGLNTEAFF,LPVPGVLFKEFTVSGNILTI,1
CASSVMTGLNTEAFF,LPVPGVLGKEFTVSGNILTI,0
CASSVMTGLNTEAFF,LPVPGVLHKEFTVSGNILTI,0
CASSVMTGLNTEAFF,LPVPGVLIKEFTVSGNILTI,1
CASSVMTGLNTEAFF,LPVPGVLKKEFTVSGNILTI,0
CASSVMTGLNTEAFF,LPVPGVLMKEFTVSGNILTI,1
CASSVMTGLNTEAFF,LPVPGVLNKEFTVSGNILTI,0
CASSVMTGLNTEAFF,LPVPGVLPKEFTVSGNILTI,0
CASSVMTGLNTEAFF,LPVPGVLQKEFTVSGNILTI,1
CASSVMTGLNTEAFF,LPVPGVLRKEFTVSGNILTI,1
CASSVMTGLNTEAFF,LPVPGVLSKEFTVSGNILTI,0
CASSVMTGLNTEAFF,LPVPGVLTKEFTVSGNILTI,0
CASSVMTGLNTEAFF,LPVPGVLVKEFTVSGNILTI,0
CASSVMTGLNTEAFF,LPVPGVLWKEFTVSGNILTI,0
CASSVMTGLNTEAFF,LPVPGVLYKEFTVSGNILTI,0
CASSVMTGLNTEAFF,LPVPGVLLAEFTVSGNILTI,0
CASSVMTGLNTEAFF,LPVPGVLLCEFTVSGNILTI,1
CASSVMTGLNTEAFF,LPVPGVLLDEFTVSGNILTI,0
CASSVMTGLNTEAFF,LPVPGVLLEEFTVSGNILTI,0
CASSVMTGLNTEAFF,LPVPGVLLFEFTVSGNILTI,1
CASSVMTGLNTEAFF,LPVPGVLLGEFTVSGNILTI,0
CASSVMTGLNTEAFF,LPVPGVLLHEFTVSGNILTI,1
CASSVMTGLNTEAFF,LPVPGVLLIEFTVSGNILTI,1
CASSVMTGLNTEAFF,LPVPGVLLLEFTVSGNILTI,0
CASSVMTGLNTEAFF,LPVPGVLLMEFTVSGNILTI,1
CASSVMTGLNTEAFF,LPVPGVLLNEFTVSGNILTI,1
CASSVMTGLNTEAFF,LPVPGVLLPEFTVSGNILTI,1
CASSVMTGLNTEAFF,LPVPGVLLQEFTVSGNILTI,1
CASSVMTGLNTEAFF,LPVPGVLLREFTVSGNILTI,1
CASSVMTGLNTEAFF,LPVPGVLLSEFTVSGNILTI,0
CASSVMTGLNTEAFF,LPVPGVLLTEFTVSGNILTI,1
CASSVMTGLNTEAFF,LPVPGVLLVEFTVSGNILTI,1
CASSVMTGLNTEAFF,LPVPGVLLWEFTVSGNILTI,0
CASSVMTGLNTEAFF,LPVPGVLLYEFTVSGNILTI,0
CASSVMTGLNTEAFF,LPVPGVLLKAFTVSGNILTI,0
CASSVMTGLNTEAFF,LPVPGVLLKCFTVSGNILTI,0
CASSVMTGLNTEAFF,LPVPGVLLKDFTVSGNILTI,1
CASSVMTGLNTEAFF,LPVPGVLLKFFTVSGNILTI,0
CASSVMTGLNTEAFF,LPVPGVLLKGFTVSGNILTI,0
CASSVMTGLNTEAFF,LPVPGVLLKHFTVSGNILTI,0
CASSVMTGLNTEAFF,LPVPGVLLKIFTVSGNILTI,0
CASSVMTGLNTEAFF,LPVPGVLLKKFTVSGNILTI,0
CASSVMTGLNTEAFF,LPVPGVLLKLFTVSGNILTI,0
CASSVMTGLNTEAFF,LPVPGVLLKMFTVSGNILTI,0
CASSVMTGLNTEAFF,LPVPGVLLKNFTVSGNILTI,0
CASSVMTGLNTEAFF,LPVPGVLLKPFTVSGNILTI,0
CASSVMTGLNTEAFF,LPVPGVLLKQFTVSGNILTI,1
CASSVMTGLNTEAFF,LPVPGVLLKRFTVSGNILTI,0
CASSVMTGLNTEAFF,LPVPGVLLKSFTVSGNILTI,1
CASSVMTGLNTEAFF,LPVPGVLLKTFTVSGNILTI,1
CASSVMTGLNTEAFF,LPVPGVLLKVFTVSGNILTI,0
CASSVMTGLNTEAFF,LPVPGVLLKWFTVSGNILTI,0
CASSVMTGLNTEAFF,LPVPGVLLKYFTVSGNILTI,0
CASSVMTGLNTEAFF,LPVPGVLLKEATVSGNILTI,0
CASSVMTGLNTEAFF,LPVPGVLLKECTVSGNILTI,0
CASSVMTGLNTEAFF,LPVPGVLLKEDTVSGNILTI,0
CASSVMTGLNTEAFF,LPVPGVLLKEETVSGNILTI,0
CASSVMTGLNTEAFF,LPVPGVLLKEGTVSGNILTI,0
CASSVMTGLNTEAFF,LPVPGVLLKEHTVSGNILTI,0
CASSVMTGLNTEAFF,LPVPGVLLKEITVSGNILTI,0
CASSVMTGLNTEAFF,LPVPGVLLKEKTVSGNILTI,0
CASSVMTGLNTEAFF,LPVPGVLLKELTVSGNILTI,0
CASSVMTGLNTEAFF,LPVPGVLLKEMTVSGNILTI,1
CASSVMTGLNTEAFF,LPVPGVLLKENTVSGNILTI,0
CASSVMTGLNTEAFF,LPVPGVLLKEPTVSGNILTI,0
CASSVMTGLNTEAFF,LPVPGVLLKEQTVSGNILTI,0
CASSVMTGLNTEAFF,LPVPGVLLKERTVSGNILTI,0
CASSVMTGLNTEAFF,LPVPGVLLKESTVSGNILTI,0
CASSVMTGLNTEAFF,LPVPGVLLKETTVSGNILTI,0
CASSVMTGLNTEAFF,LPVPGVLLKEVTVSGNILTI,0
CASSVMTGLNTEAFF,LPVPGVLLKEWTVSGNILTI,1
CASSVMTGLNTEAFF,LPVPGVLLKEYTVSGNILTI,0
CASSVMTGLNTEAFF,LPVPGVLLKEFAVSGNILTI,1
CASSVMTGLNTEAFF,LPVPGVLLKEFCVSGNILTI,1
CASSVMTGLNTEAFF,LPVPGVLLKEFDVSGNILTI,1
CASSVMTGLNTEAFF,LPVPGVLLKEFEVSGNILTI,0
CASSVMTGLNTEAFF,LPVPGVLLKEFFVSGNILTI,0
CASSVMTGLNTEAFF,LPVPGVLLKEFGVSGNILTI,0
CASSVMTGLNTEAFF,LPVPGVLLKEFHVSGNILTI,0
CASSVMTGLNTEAFF,LPVPGVLLKEFIVSGNILTI,0
CASSVMTGLNTEAFF,LPVPGVLLKEFKVSGNILTI,0
CASSVMTGLNTEAFF,LPVPGVLLKEFLVSGNILTI,0
CASSVMTGLNTEAFF,LPVPGVLLKEFMVSGNILTI,0
CASSVMTGLNTEAFF,LPVPGVLLKEFNVSGNILTI,1
CASSVMTGLNTEAFF,LPVPGVLLKEFPVSGNILTI,1
CASSVMTGLNTEAFF,LPVPGVLLKEFQVSGNILTI,0
CASSVMTGLNTEAFF,LPVPGVLLKEFRVSGNILTI,0
CASSVMTGLNTEAFF,LPVPGVLLKEFSVSGNILTI,1
CASSVMTGLNTEAFF,LPVPGVLLKEFVVSGNILTI,1
CASSVMTGLNTEAFF,LPVPGVLLKEFWVSGNILTI,0
CASSVMTGLNTEAFF,LPVPGVLLKEFYVSGNILTI,0
CASSVMTGLNTEAFF,LPVPGVLLKEFTASGNILTI,1
CASSVMTGLNTEAFF,LPVPGVLLKEFTCSGNILTI,1
CASSVMTGLNTEAFF,LPVPGVLLKEFTDSGNILTI,0
CASSVMTGLNTEAFF,LPVPGVLLKEFTESGNILTI,0
CASSVMTGLNTEAFF,LPVPGVLLKEFTFSGNILTI,0
CASSVMTGLNTEAFF,LPVPGVLLKEFTGSGNILTI,1
CASSVMTGLNTEAFF,LPVPGVLLKEFTHSGNILTI,0
CASSVMTGLNTEAFF,LPVPGVLLKEFTISGNILTI,0
CASSVMTGLNTEAFF,LPVPGVLLKEFTKSGNILTI,0
CASSVMTGLNTEAFF,LPVPGVLLKEFTLSGNILTI,0
CASSVMTGLNTEAFF,LPVPGVLLKEFTMSGNILTI,0
CASSVMTGLNTEAFF,LPVPGVLLKEFTNSGNILTI,1
CASSVMTGLNTEAFF,LPVPGVLLKEFTPSGNILTI,1
CASSVMTGLNTEAFF,LPVPGVLLKEFTQSGNILTI,0
CASSVMTGLNTEAFF,LPVPGVLLKEFTRSGNILTI,0
CASSVMTGLNTEAFF,LPVPGVLLKEFTSSGNILTI,1
CASSVMTGLNTEAFF,LPVPGVLLKEFTTSGNILTI,1
CASSVMTGLNTEAFF,LPVPGVLLKEFTWSGNILTI,0
CASSVMTGLNTEAFF,LPVPGVLLKEFTYSGNILTI,0
CASSVMTGLNTEAFF,LPVPGVLLKEFTVAGNILTI,1
CASSVMTGLNTEAFF,LPVPGVLLKEFTVCGNILTI,0
CASSVMTGLNTEAFF,LPVPGVLLKEFTVDGNILTI,0
CASSVMTGLNTEAFF,LPVPGVLLKEFTVEGNILTI,0
CASSVMTGLNTEAFF,LPVPGVLLKEFTVFGNILTI,0
CASSVMTGLNTEAFF,LPVPGVLLKEFTVGGNILTI,0
CASSVMTGLNTEAFF,LPVPGVLLKEFTVHGNILTI,1
CASSVMTGLNTEAFF,LPVPGVLLKEFTVIGNILTI,0
CASSVMTGLNTEAFF,LPVPGVLLKEFTVKGNILTI,0
CASSVMTGLNTEAFF,LPVPGVLLKEFTVLGNILTI,0
CASSVMTGLNTEAFF,LPVPGVLLKEFTVMGNILTI,0
CASSVMTGLNTEAFF,LPVPGVLLKEFTVNGNILTI,1
CASSVMTGLNTEAFF,LPVPGVLLKEFTVPGNILTI,0
CASSVMTGLNTEAFF,LPVPGVLLKEFTVQGNILTI,1
CASSVMTGLNTEAFF,LPVPGVLLKEFTVRGNILTI,0
CASSVMTGLNTEAFF,LPVPGVLLKEFTVTGNILTI,1
CASSVMTGLNTEAFF,LPVPGVLLKEFTVVGNILTI,0
CASSVMTGLNTEAFF,LPVPGVLLKEFTVWGNILTI,0
CASSVMTGLNTEAFF,LPVPGVLLKEFTVYGNILTI,0
CASSVMTGLNTEAFF,LPVPGVLLKEFTVSANILTI,1
CASSVMTGLNTEAFF,LPVPGVLLKEFTVSCNILTI,1
CASSVMTGLNTEAFF,LPVPGVLLKEFTVSDNILTI,1
CASSVMTGLNTEAFF,LPVPGVLLKEFTVSENILTI,1
CASSVMTGLNTEAFF,LPVPGVLLKEFTVSFNILTI,0
CASSVMTGLNTEAFF,LPVPGVLLKEFTVSHNILTI,1
CASSVMTGLNTEAFF,LPVPGVLLKEFTVSINILTI,1
CASSVMTGLNTEAFF,LPVPGVLLKEFTVSKNILTI,1
CASSVMTGLNTEAFF,LPVPGVLLKEFTVSLNILTI,0
CASSVMTGLNTEAFF,LPVPGVLLKEFTVSMNILTI,1
CASSVMTGLNTEAFF,LPVPGVLLKEFTVSNNILTI,1
CASSVMTGLNTEAFF,LPVPGVLLKEFTVSPNILTI,1
CASSVMTGLNTEAFF,LPVPGVLLKEFTVSQNILTI,1
CASSVMTGLNTEAFF,LPVPGVLLKEFTVSRNILTI,0
CASSVMTGLNTEAFF,LPVPGVLLKEFTVSSNILTI,1
CASSVMTGLNTEAFF,LPVPGVLLKEFTVSTNILTI,1
CASSVMTGLNTEAFF,LPVPGVLLKEFTVSVNILTI,1
CASSVMTGLNTEAFF,LPVPGVLLKEFTVSWNILTI,0
CASSVMTGLNTEAFF,LPVPGVLLKEFTVSYNILTI,0
CASSVMTGLNTEAFF,LPVPGVLLKEFTVSGAILTI,1
CASSVMTGLNTEAFF,LPVPGVLLKEFTVSGCILTI,1
CASSVMTGLNTEAFF,LPVPGVLLKEFTVSGDILTI,1
CASSVMTGLNTEAFF,LPVPGVLLKEFTVSGEILTI,1
CASSVMTGLNTEAFF,LPVPGVLLKEFTVSGFILTI,1
CASSVMTGLNTEAFF,LPVPGVLLKEFTVSGGILTI,1
CASSVMTGLNTEAFF,LPVPGVLLKEFTVSGHILTI,1
CASSVMTGLNTEAFF,LPVPGVLLKEFTVSGIILTI,1
CASSVMTGLNTEAFF,LPVPGVLLKEFTVSGKILTI,1
CASSVMTGLNTEAFF,LPVPGVLLKEFTVSGLILTI,1
CASSVMTGLNTEAFF,LPVPGVLLKEFTVSGMILTI,1
CASSVMTGLNTEAFF,LPVPGVLLKEFTVSGPILTI,1
CASSVMTGLNTEAFF,LPVPGVLLKEFTVSGQILTI,1
CASSVMTGLNTEAFF,LPVPGVLLKEFTVSGRILTI,1
CASSVMTGLNTEAFF,LPVPGVLLKEFTVSGSILTI,1
CASSVMTGLNTEAFF,LPVPGVLLKEFTVSGTILTI,1
CASSVMTGLNTEAFF,LPVPGVLLKEFTVSGVILTI,1
CASSVMTGLNTEAFF,LPVPGVLLKEFTVSGWILTI,1
CASSVMTGLNTEAFF,LPVPGVLLKEFTVSGYILTI,1
CASSVMTGLNTEAFF,LPVPGVLLKEFTVSGNALTI,1
CASSVMTGLNTEAFF,LPVPGVLLKEFTVSGNCLTI,1
CASSVMTGLNTEAFF,LPVPGVLLKEFTVSGNDLTI,1
CASSVMTGLNTEAFF,LPVPGVLLKEFTVSGNELTI,1
CASSVMTGLNTEAFF,LPVPGVLLKEFTVSGNFLTI,1
CASSVMTGLNTEAFF,LPVPGVLLKEFTVSGNGLTI,1
CASSVMTGLNTEAFF,LPVPGVLLKEFTVSGNHLTI,1
CASSVMTGLNTEAFF,LPVPGVLLKEFTVSGNKLTI,1
CASSVMTGLNTEAFF,LPVPGVLLKEFTVSGNLLTI,1
CASSVMTGLNTEAFF,LPVPGVLLKEFTVSGNMLTI,1
CASSVMTGLNTEAFF,LPVPGVLLKEFTVSGNNLTI,1
CASSVMTGLNTEAFF,LPVPGVLLKEFTVSGNPLTI,1
CASSVMTGLNTEAFF,LPVPGVLLKEFTVSGNQLTI,1
CASSVMTGLNTEAFF,LPVPGVLLKEFTVSGNRLTI,1
CASSVMTGLNTEAFF,LPVPGVLLKEFTVSGNSLTI,1
CASSVMTGLNTEAFF,LPVPGVLLKEFTVSGNTLTI,1
CASSVMTGLNTEAFF,LPVPGVLLKEFTVSGNVLTI,1
CASSVMTGLNTEAFF,LPVPGVLLKEFTVSGNWLTI,1
CASSVMTGLNTEAFF,LPVPGVLLKEFTVSGNYLTI,1
CASSVMTGLNTEAFF,LPVPGVLLKEFTVSGNIATI,1
CASSVMTGLNTEAFF,LPVPGVLLKEFTVSGNICTI,1
CASSVMTGLNTEAFF,LPVPGVLLKEFTVSGNIDTI,1
CASSVMTGLNTEAFF,LPVPGVLLKEFTVSGNIETI,1
CASSVMTGLNTEAFF,LPVPGVLLKEFTVSGNIFTI,1
CASSVMTGLNTEAFF,LPVPGVLLKEFTVSGNIGTI,1
CASSVMTGLNTEAFF,LPVPGVLLKEFTVSGNIHTI,1
CASSVMTGLNTEAFF,LPVPGVLLKEFTVSGNIITI,1
CASSVMTGLNTEAFF,LPVPGVLLKEFTVSGNIKTI,1
CASSVMTGLNTEAFF,LPVPGVLLKEFTVSGNIMTI,1
CASSVMTGLNTEAFF,LPVPGVLLKEFTVSGNINTI,1
CASSVMTGLNTEAFF,LPVPGVLLKEFTVSGNIPTI,1
CASSVMTGLNTEAFF,LPVPGVLLKEFTVSGNIQTI,1
CASSVMTGLNTEAFF,LPVPGVLLKEFTVSGNIRTI,1
CASSVMTGLNTEAFF,LPVPGVLLKEFTVSGNISTI,1
CASSVMTGLNTEAFF,LPVPGVLLKEFTVSGNITTI,1
CASSVMTGLNTEAFF,LPVPGVLLKEFTVSGNIVTI,1
CASSVMTGLNTEAFF,LPVPGVLLKEFTVSGNIWTI,1
CASSVMTGLNTEAFF,LPVPGVLLKEFTVSGNIYTI,1
CASSVMTGLNTEAFF,LPVPGVLLKEFTVSGNILAI,1
CASSVMTGLNTEAFF,LPVPGVLLKEFTVSGNILCI,1
CASSVMTGLNTEAFF,LPVPGVLLKEFTVSGNILDI,1
CASSVMTGLNTEAFF,LPVPGVLLKEFTVSGNILEI,1
CASSVMTGLNTEAFF,LPVPGVLLKEFTVSGNILFI,1
CASSVMTGLNTEAFF,LPVPGVLLKEFTVSGNILGI,1
CASSVMTGLNTEAFF,LPVPGVLLKEFTVSGNILHI,1
CASSVMTGLNTEAFF,LPVPGVLLKEFTVSGNILII,1
CASSVMTGLNTEAFF,LPVPGVLLKEFTVSGNILKI,1
CASSVMTGLNTEAFF,LPVPGVLLKEFTVSGNILLI,1
CASSVMTGLNTEAFF,LPVPGVLLKEFTVSGNILMI,1
CASSVMTGLNTEAFF,LPVPGVLLKEFTVSGNILNI,1
CASSVMTGLNTEAFF,LPVPGVLLKEFTVSGNILPI,1
CASSVMTGLNTEAFF,LPVPGVLLKEFTVSGNILQI,1
CASSVMTGLNTEAFF,LPVPGVLLKEFTVSGNILRI,1
CASSVMTGLNTEAFF,LPVPGVLLKEFTVSGNILSI,1
CASSVMTGLNTEAFF,LPVPGVLLKEFTVSGNILVI,1
CASSVMTGLNTEAFF,LPVPGVLLKEFTVSGNILWI,1
CASSVMTGLNTEAFF,LPVPGVLLKEFTVSGNILYI,1
CASSVMTGLNTEAFF,LPVPGVLLKEFTVSGNILTA,1
CASSVMTGLNTEAFF,LPVPGVLLKEFTVSGNILTC,1
CASSVMTGLNTEAFF,LPVPGVLLKEFTVSGNILTD,1
CASSVMTGLNTEAFF,LPVPGVLLKEFTVSGNILTE,1
CASSVMTGLNTEAFF,LPVPGVLLKEFTVSGNILTF,1
CASSVMTGLNTEAFF,LPVPGVLLKEFTVSGNILTG,1
CASSVMTGLNTEAFF,LPVPGVLLKEFTVSGNILTH,1
CASSVMTGLNTEAFF,LPVPGVLLKEFTVSGNILTK,1
CASSVMTGLNTEAFF,LPVPGVLLKEFTVSGNILTL,1
CASSVMTGLNTEAFF,LPVPGVLLKEFTVSGNILTM,1
CASSVMTGLNTEAFF,LPVPGVLLKEFTVSGNILTN,1
CASSVMTGLNTEAFF,LPVPGVLLKEFTVSGNILTP,1
CASSVMTGLNTEAFF,LPVPGVLLKEFTVSGNILTQ,1
CASSVMTGLNTEAFF,LPVPGVLLKEFTVSGNILTR,1
CASSVMTGLNTEAFF,LPVPGVLLKEFTVSGNILTS,1
CASSVMTGLNTEAFF,LPVPGVLLKEFTVSGNILTT,1
CASSVMTGLNTEAFF,LPVPGVLLKEFTVSGNILTV,1
CASSVMTGLNTEAFF,LPVPGVLLKEFTVSGNILTW,1
CASSVMTGLNTEAFF,LPVPGVLLKEFTVSGNILTY,1
CAWSLGGVAETLYFG,FGAQKAKANKAVD,1
CAWSLGGVAETLYFG,FPAQKAKANKAVD,1
CAWSLGGVAETLYFG,FSAQKAKANKAVD,1
CAWSLGGVAETLYFG,FTAQKAKANKAVD,1
CAWSLGGVAETLYFG,FAAQKAKANKAVD,1
CAWSLGGVAETLYFG,FVAQKAKANKAVD,1
CAWSLGGVAETLYFG,FIAQKAKANKAVD,1
CAWSLGGVAETLYFG,FLAQKAKANKAVD,1
CAWSLGGVAETLYFG,FMAQKAKANKAVD,1
CAWSLGGVAETLYFG,FCAQKAKANKAVD,1
CAWSLGGVAETLYFG,FFAQKAKANKAVD,1
CAWSLGGVAETLYFG,FYAQKAKANKAVD,1
CAWSLGGVAETLYFG,FWAQKAKANKAVD,1
CAWSLGGVAETLYFG,FNAQKAKANKAVD,1
CAWSLGGVAETLYFG,FQAQKAKANKAVD,1
CAWSLGGVAETLYFG,FDAQKAKANKAVD,1
CAWSLGGVAETLYFG,FKAQKAKANKAVD,1
CAWSLGGVAETLYFG,FRAQKAKANKAVD,0
CAWSLGGVAETLYFG,FHAQKAKANKAVD,1
CAWSLGGVAETLYFG,FEAGKAKANKAVD,1
CAWSLGGVAETLYFG,FEAPKAKANKAVD,1
CAWSLGGVAETLYFG,FEASKAKANKAVD,1
CAWSLGGVAETLYFG,FEATKAKANKAVD,1
CAWSLGGVAETLYFG,FEAAKAKANKAVD,1
CAWSLGGVAETLYFG,FEAVKAKANKAVD,1
CAWSLGGVAETLYFG,FEAIKAKANKAVD,1
CAWSLGGVAETLYFG,FEALKAKANKAVD,1
CAWSLGGVAETLYFG,FEAMKAKANKAVD,1
CAWSLGGVAETLYFG,FEACKAKANKAVD,1
CAWSLGGVAETLYFG,FEAFKAKANKAVD,1
CAWSLGGVAETLYFG,FEAYKAKANKAVD,0
CAWSLGGVAETLYFG,FEAWKAKANKAVD,1
CAWSLGGVAETLYFG,FEANKAKANKAVD,1
CAWSLGGVAETLYFG,FEADKAKANKAVD,1
CAWSLGGVAETLYFG,FEAEKAKANKAVD,0
CAWSLGGVAETLYFG,FEAKKAKANKAVD,1
CAWSLGGVAETLYFG,FEARKAKANKAVD,0
CAWSLGGVAETLYFG,FEAHKAKANKAVD,1
CAWSLGGVAETLYFG,FEAQGAKANKAVD,0
CAWSLGGVAETLYFG,FEAQPAKANKAVD,0
CAWSLGGVAETLYFG,FEAQSAKANKAVD,1
CAWSLGGVAETLYFG,FEAQTAKANKAVD,1
CAWSLGGVAETLYFG,FEAQAAKANKAVD,0
CAWSLGGVAETLYFG,FEAQVAKANKAVD,0
CAWSLGGVAETLYFG,FEAQIAKANKAVD,0
CAWSLGGVAETLYFG,FEAQLAKANKAVD,0
CAWSLGGVAETLYFG,FEAQMAKANKAVD,0
CAWSLGGVAETLYFG,FEAQCAKANKAVD,1
CAWSLGGVAETLYFG,FEAQFAKANKAVD,0
CAWSLGGVAETLYFG,FEAQYAKANKAVD,0
CAWSLGGVAETLYFG,FEAQWAKANKAVD,0
CAWSLGGVAETLYFG,FEAQNAKANKAVD,1
CAWSLGGVAETLYFG,FEAQQAKANKAVD,1
CAWSLGGVAETLYFG,FEAQDAKANKAVD,0
CAWSLGGVAETLYFG,FEAQEAKANKAVD,0
CAWSLGGVAETLYFG,FEAQRAKANKAVD,1
CAWSLGGVAETLYFG,FEAQHAKANKAVD,1
CAWSLGGVAETLYFG,FEAQKAGANKAVD,1
CAWSLGGVAETLYFG,FEAQKAPANKAVD,0
CAWSLGGVAETLYFG,FEAQKASANKAVD,1
CAWSLGGVAETLYFG,FEAQKATANKAVD,1
CAWSLGGVAETLYFG,FEAQKAAANKAVD,1
CAWSLGGVAETLYFG,FEAQKAVANKAVD,1
CAWSLGGVAETLYFG,FEAQKAIANKAVD,0
CAWSLGGVAETLYFG,FEAQKALANKAVD,0
CAWSLGGVAETLYFG,FEAQKAMANKAVD,1
CAWSLGGVAETLYFG,FEAQKACANKAVD,0
CAWSLGGVAETLYFG,FEAQKAFANKAVD,0
CAWSLGGVAETLYFG,FEAQKAYANKAVD,0
CAWSLGGVAETLYFG,FEAQKAWANKAVD,1
CAWSLGGVAETLYFG,FEAQKANANKAVD,1
CAWSLGGVAETLYFG,FEAQKAQANKAVD,1
CAWSLGGVAETLYFG,FEAQKADANKAVD,0
CAWSLGGVAETLYFG,FEAQKAEANKAVD,1
CAWSLGGVAETLYFG,FEAQKARANKAVD,1
CAWSLGGVAETLYFG,FEAQKAHANKAVD,1
CAWSLGGVAETLYFG,FEAQKAKANGAVD,0
CAWSLGGVAETLYFG,FEAQKAKANPAVD,0
CAWSLGGVAETLYFG,FEAQKAKANSAVD,0
CAWSLGGVAETLYFG,FEAQKAKANTAVD,0
CAWSLGGVAETLYFG,FEAQKAKANAAVD,0
CAWSLGGVAETLYFG,FEAQKAKANVAVD,0
CAWSLGGVAETLYFG,FEAQKAKANIAVD,1
CAWSLGGVAETLYFG,FEAQKAKANLAVD,0
CAWSLGGVAETLYFG,FEAQKAKANMAVD,0
CAWSLGGVAETLYFG,FEAQKAKANCAVD,0
CAWSLGGVAETLYFG,FEAQKAKANFAVD,0
CAWSLGGVAETLYFG,FEAQKAKANYAVD,0
CAWSLGGVAETLYFG,FEAQKAKANWAVD,0
CAWSLGGVAETLYFG,FEAQKAKANNAVD,0
CAWSLGGVAETLYFG,FEAQKAKANQAVD,0
CAWSLGGVAETLYFG,FEAQKAKANDAVD,0
CAWSLGGVAETLYFG,FEAQKAKANEAVD,1
CAWSLGGVAETLYFG,FEAQKAKANRAVD,0
CAWSLGGVAETLYFG,FEAQKAKANHAVD,0
CAWSLGGVAETLYFG,FEAQKAKANKAVD,1
CASSLWEKLAKNIQYF,ALWGPDPAAA,1
CASSLWEKLAKNIQYF,FLWGPDPAAA,1
CASSLWEKLAKNIQYF,ILWGPDPAAA,1
CASSLWEKLAKNIQYF,LLWGPDPAAA,0
CASSLWEKLAKNIQYF,MLWGPDPAAA,1
CASSLWEKLAKNIQYF,PLWGPDPAAA,1
CASSLWEKLAKNIQYF,VLWGPDPAAA,1
CASSLWEKLAKNIQYF,WLWGPDPAAA,1
CASSLWEKLAKNIQYF,YLWGPDPAAA,1
CASSLWEKLAKNIQYF,CLWGPDPAAA,1
CASSLWEKLAKNIQYF,GLWGPDPAAA,1
CASSLWEKLAKNIQYF,NLWGPDPAAA,1
CASSLWEKLAKNIQYF,QLWGPDPAAA,1
CASSLWEKLAKNIQYF,SLWGPDPAAA,1
CASSLWEKLAKNIQYF,TLWGPDPAAA,1
CASSLWEKLAKNIQYF,DLWGPDPAAA,0
CASSLWEKLAKNIQYF,ELWGPDPAAA,0
CASSLWEKLAKNIQYF,HLWGPDPAAA,1
CASSLWEKLAKNIQYF,KLWGPDPAAA,1
CASSLWEKLAKNIQYF,RLWGPDPAAA,1
CASSLWEKLAKNIQYF,AAWGPDPAAA,1
CASSLWEKLAKNIQYF,AFWGPDPAAA,0
CASSLWEKLAKNIQYF,AIWGPDPAAA,1
CASSLWEKLAKNIQYF,AMWGPDPAAA,1
CASSLWEKLAKNIQYF,APWGPDPAAA,0
CASSLWEKLAKNIQYF,AVWGPDPAAA,0
CASSLWEKLAKNIQYF,AWWGPDPAAA,0
CASSLWEKLAKNIQYF,AYWGPDPAAA,0
CASSLWEKLAKNIQYF,ACWGPDPAAA,0
CASSLWEKLAKNIQYF,AGWGPDPAAA,0
CASSLWEKLAKNIQYF,ANWGPDPAAA,0
CASSLWEKLAKNIQYF,AQWGPDPAAA,1
CASSLWEKLAKNIQYF,ASWGPDPAAA,1
CASSLWEKLAKNIQYF,ATWGPDPAAA,1
CASSLWEKLAKNIQYF,ADWGPDPAAA,0
CASSLWEKLAKNIQYF,AEWGPDPAAA,0
CASSLWEKLAKNIQYF,AHWGPDPAAA,0
CASSLWEKLAKNIQYF,AKWGPDPAAA,0
CASSLWEKLAKNIQYF,ARWGPDPAAA,0
CASSLWEKLAKNIQYF,ALAGPDPAAA,1
CASSLWEKLAKNIQYF,ALFGPDPAAA,0
CASSLWEKLAKNIQYF,ALIGPDPAAA,0
CASSLWEKLAKNIQYF,ALLGPDPAAA,0
CASSLWEKLAKNIQYF,ALMGPDPAAA,0
CASSLWEKLAKNIQYF,ALPGPDPAAA,1
CASSLWEKLAKNIQYF,ALVGPDPAAA,0
CASSLWEKLAKNIQYF,ALYGPDPAAA,1
CASSLWEKLAKNIQYF,ALCGPDPAAA,0
CASSLWEKLAKNIQYF,ALGGPDPAAA,0
CASSLWEKLAKNIQYF,ALNGPDPAAA,0
CASSLWEKLAKNIQYF,ALQGPDPAAA,1
CASSLWEKLAKNIQYF,ALSGPDPAAA,0
CASSLWEKLAKNIQYF,ALTGPDPAAA,0
CASSLWEKLAKNIQYF,ALDGPDPAAA,1
CASSLWEKLAKNIQYF,ALEGPDPAAA,0
CASSLWEKLAKNIQYF,ALHGPDPAAA,1
CASSLWEKLAKNIQYF,ALKGPDPAAA,0
CASSLWEKLAKNIQYF,ALRGPDPAAA,1
CASSLWEKLAKNIQYF,ALWAPDPAAA,1
CASSLWEKLAKNIQYF,ALWFPDPAAA,0
CASSLWEKLAKNIQYF,ALWIPDPAAA,1
CASSLWEKLAKNIQYF,ALWLPDPAAA,0
CASSLWEKLAKNIQYF,ALWMPDPAAA,1
CASSLWEKLAKNIQYF,ALWPPDPAAA,1
CASSLWEKLAKNIQYF,ALWVPDPAAA,0
CASSLWEKLAKNIQYF,ALWWPDPAAA,0
CASSLWEKLAKNIQYF,ALWYPDPAAA,0
CASSLWEKLAKNIQYF,ALWCPDPAAA,0
CASSLWEKLAKNIQYF,ALWNPDPAAA,0
CASSLWEKLAKNIQYF,ALWQPDPAAA,0
CASSLWEKLAKNIQYF,ALWSPDPAAA,0
CASSLWEKLAKNIQYF,ALWTPDPAAA,0
CASSLWEKLAKNIQYF,ALWDPDPAAA,0
CASSLWEKLAKNIQYF,ALWEPDPAAA,0
CASSLWEKLAKNIQYF,ALWHPDPAAA,1
CASSLWEKLAKNIQYF,ALWKPDPAAA,0
CASSLWEKLAKNIQYF,ALWRPDPAAA,0
CASSLWEKLAKNIQYF,ALWGADPAAA,0
CASSLWEKLAKNIQYF,ALWGFDPAAA,0
CASSLWEKLAKNIQYF,ALWGIDPAAA,0
CASSLWEKLAKNIQYF,ALWGLDPAAA,0
CASSLWEKLAKNIQYF,ALWGMDPAAA,0
CASSLWEKLAKNIQYF,ALWGVDPAAA,0
CASSLWEKLAKNIQYF,ALWGWDPAAA,0
CASSLWEKLAKNIQYF,ALWGYDPAAA,0
CASSLWEKLAKNIQYF,ALWGCDPAAA,0
CASSLWEKLAKNIQYF,ALWGGDPAAA,0
CASSLWEKLAKNIQYF,ALWGNDPAAA,0
CASSLWEKLAKNIQYF,ALWGQDPAAA,0
CASSLWEKLAKNIQYF,ALWGSDPAAA,0
CASSLWEKLAKNIQYF,ALWGTDPAAA,0
CASSLWEKLAKNIQYF,ALWGDDPAAA,0
CASSLWEKLAKNIQYF,ALWGEDPAAA,0
CASSLWEKLAKNIQYF,ALWGHDPAAA,0
CASSLWEKLAKNIQYF,ALWGKDPAAA,0
CASSLWEKLAKNIQYF,ALWGRDPAAA,0
CASSLWEKLAKNIQYF,ALWGPAPAAA,1
CASSLWEKLAKNIQYF,ALWGPFPAAA,0
CASSLWEKLAKNIQYF,ALWGPIPAAA,0
CASSLWEKLAKNIQYF,ALWGPLPAAA,0
CASSLWEKLAKNIQYF,ALWGPMPAAA,0
CASSLWEKLAKNIQYF,ALWGPPPAAA,0
CASSLWEKLAKNIQYF,ALWGPVPAAA,0
CASSLWEKLAKNIQYF,ALWGPWPAAA,0
CASSLWEKLAKNIQYF,ALWGPYPAAA,0
CASSLWEKLAKNIQYF,ALWGPCPAAA,0
CASSLWEKLAKNIQYF,ALWGPGPAAA,0
CASSLWEKLAKNIQYF,ALWGPNPAAA,0
CASSLWEKLAKNIQYF,ALWGPQPAAA,0
CASSLWEKLAKNIQYF,ALWGPSPAAA,0
CASSLWEKLAKNIQYF,ALWGPTPAAA,0
CASSLWEKLAKNIQYF,ALWGPEPAAA,0
CASSLWEKLAKNIQYF,ALWGPHPAAA,0
CASSLWEKLAKNIQYF,ALWGPKPAAA,0
CASSLWEKLAKNIQYF,ALWGPRPAAA,0
CASSLWEKLAKNIQYF,ALWGPDAAAA,0
CASSLWEKLAKNIQYF,ALWGPDFAAA,0
CASSLWEKLAKNIQYF,ALWGPDIAAA,0
CASSLWEKLAKNIQYF,ALWGPDLAAA,0
CASSLWEKLAKNIQYF,ALWGPDMAAA,0
CASSLWEKLAKNIQYF,ALWGPDVAAA,0
CASSLWEKLAKNIQYF,ALWGPDWAAA,0
CASSLWEKLAKNIQYF,ALWGPDYAAA,0
CASSLWEKLAKNIQYF,ALWGPDCAAA,0
CASSLWEKLAKNIQYF,ALWGPDGAAA,0
CASSLWEKLAKNIQYF,ALWGPDNAAA,0
CASSLWEKLAKNIQYF,ALWGPDQAAA,0
CASSLWEKLAKNIQYF,ALWGPDSAAA,0
CASSLWEKLAKNIQYF,ALWGPDTAAA,0
CASSLWEKLAKNIQYF,ALWGPDDAAA,0
CASSLWEKLAKNIQYF,ALWGPDEAAA,0
CASSLWEKLAKNIQYF,ALWGPDHAAA,0
CASSLWEKLAKNIQYF,ALWGPDKAAA,0
CASSLWEKLAKNIQYF,ALWGPDRAAA,0
CASSLWEKLAKNIQYF,ALWGPDPFAA,0
CASSLWEKLAKNIQYF,ALWGPDPIAA,1
CASSLWEKLAKNIQYF,ALWGPDPLAA,1
CASSLWEKLAKNIQYF,ALWGPDPMAA,1
CASSLWEKLAKNIQYF,ALWGPDPPAA,1
CASSLWEKLAKNIQYF,ALWGPDPVAA,0
CASSLWEKLAKNIQYF,ALWGPDPWAA,1
CASSLWEKLAKNIQYF,ALWGPDPYAA,1
CASSLWEKLAKNIQYF,ALWGPDPCAA,1
CASSLWEKLAKNIQYF,ALWGPDPGAA,1
CASSLWEKLAKNIQYF,ALWGPDPNAA,1
CASSLWEKLAKNIQYF,ALWGPDPQAA,0
CASSLWEKLAKNIQYF,ALWGPDPSAA,0
CASSLWEKLAKNIQYF,ALWGPDPTAA,0
CASSLWEKLAKNIQYF,ALWGPDPDAA,0
CASSLWEKLAKNIQYF,ALWGPDPEAA,0
CASSLWEKLAKNIQYF,ALWGPDPHAA,1
CASSLWEKLAKNIQYF,ALWGPDPKAA,1
CASSLWEKLAKNIQYF,ALWGPDPRAA,1
CASSLWEKLAKNIQYF,ALWGPDPAFA,1
CASSLWEKLAKNIQYF,ALWGPDPAIA,1
CASSLWEKLAKNIQYF,ALWGPDPALA,0
CASSLWEKLAKNIQYF,ALWGPDPAMA,1
CASSLWEKLAKNIQYF,ALWGPDPAPA,1
CASSLWEKLAKNIQYF,ALWGPDPAVA,0
CASSLWEKLAKNIQYF,ALWGPDPAWA,0
CASSLWEKLAKNIQYF,ALWGPDPAYA,0
CASSLWEKLAKNIQYF,ALWGPDPACA,1
CASSLWEKLAKNIQYF,ALWGPDPAGA,0
CASSLWEKLAKNIQYF,ALWGPDPANA,0
CASSLWEKLAKNIQYF,ALWGPDPAQA,1
CASSLWEKLAKNIQYF,ALWGPDPASA,1
CASSLWEKLAKNIQYF,ALWGPDPATA,1
CASSLWEKLAKNIQYF,ALWGPDPADA,0
CASSLWEKLAKNIQYF,ALWGPDPAEA,0
CASSLWEKLAKNIQYF,ALWGPDPAHA,0
CASSLWEKLAKNIQYF,ALWGPDPAKA,1
CASSLWEKLAKNIQYF,ALWGPDPARA,0
CASSLWEKLAKNIQYF,ALWGPDPAAF,0
CASSLWEKLAKNIQYF,ALWGPDPAAI,1
CASSLWEKLAKNIQYF,ALWGPDPAAL,1
CASSLWEKLAKNIQYF,ALWGPDPAAM,1
CASSLWEKLAKNIQYF,ALWGPDPAAP,0
CASSLWEKLAKNIQYF,ALWGPDPAAV,1
CASSLWEKLAKNIQYF,ALWGPDPAAW,0
CASSLWEKLAKNIQYF,ALWGPDPAAY,0
CASSLWEKLAKNIQYF,ALWGPDPAAC,1
CASSLWEKLAKNIQYF,ALWGPDPAAG,0
CASSLWEKLAKNIQYF,ALWGPDPAAN,0
CASSLWEKLAKNIQYF,ALWGPDPAAQ,0
CASSLWEKLAKNIQYF,ALWGPDPAAS,0
CASSLWEKLAKNIQYF,ALWGPDPAAT,0
CASSLWEKLAKNIQYF,ALWGPDPAAD,0
CASSLWEKLAKNIQYF,ALWGPDPAAE,0
CASSLWEKLAKNIQYF,ALWGPDPAAH,0
CASSLWEKLAKNIQYF,ALWGPDPAAK,0
CASSLWEKLAKNIQYF,ALWGPDPAAR,0
CASSLGIDAIYF,APQDLNTML,1
CASSLGIDAIYF,CPQDLNTML,1
CASSLGIDAIYF,DPQDLNTML,1
CASSLGIDAIYF,EPQDLNTML,1
CASSLGIDAIYF,FPQDLNTML,1
CASSLGIDAIYF,GPQDLNTML,1
CASSLGIDAIYF,HPQDLNTML,1
CASSLGIDAIYF,IPQDLNTML,1
CASSLGIDAIYF,KPQDLNTML,1
CASSLGIDAIYF,LPQDLNTML,1
CASSLGIDAIYF,MPQDLNTML,1
CASSLGIDAIYF,NPQDLNTML,1
CASSLGIDAIYF,PPQDLNTML,0
CASSLGIDAIYF,QPQDLNTML,1
CASSLGIDAIYF,RPQDLNTML,1
CASSLGIDAIYF,SPQDLNTML,1
CASSLGIDAIYF,TPQDLNTML,1
CASSLGIDAIYF,VPQDLNTML,1
CASSLGIDAIYF,WPQDLNTML,1
CASSLGIDAIYF,YPQDLNTML,1
CASSLGIDAIYF,TAQDLNTML,1
CASSLGIDAIYF,TCQDLNTML,0
CASSLGIDAIYF,TDQDLNTML,0
CASSLGIDAIYF,TEQDLNTML,0
CASSLGIDAIYF,TFQDLNTML,0
CASSLGIDAIYF,TGQDLNTML,0
CASSLGIDAIYF,THQDLNTML,0
CASSLGIDAIYF,TIQDLNTML,1
CASSLGIDAIYF,TKQDLNTML,0
CASSLGIDAIYF,TLQDLNTML,1
CASSLGIDAIYF,TMQDLNTML,1
CASSLGIDAIYF,TNQDLNTML,0
CASSLGIDAIYF,TQQDLNTML,0
CASSLGIDAIYF,TRQDLNTML,0
CASSLGIDAIYF,TSQDLNTML,0
CASSLGIDAIYF,TTQDLNTML,0
CASSLGIDAIYF,TVQDLNTML,1
CASSLGIDAIYF,TWQDLNTML,0
CASSLGIDAIYF,TYQDLNTML,0
CASSLGIDAIYF,TPADLNTML,1
CASSLGIDAIYF,TPCDLNTML,1
CASSLGIDAIYF,TPDDLNTML,0
CASSLGIDAIYF,TPEDLNTML,1
CASSLGIDAIYF,TPFDLNTML,0
CASSLGIDAIYF,TPGDLNTML,0
CASSLGIDAIYF,TPHDLNTML,0
CASSLGIDAIYF,TPIDLNTML,1
CASSLGIDAIYF,TPKDLNTML,1
CASSLGIDAIYF,TPLDLNTML,1
CASSLGIDAIYF,TPMDLNTML,1
CASSLGIDAIYF,TPNDLNTML,0
CASSLGIDAIYF,TPPDLNTML,1
CASSLGIDAIYF,TPRDLNTML,0
CASSLGIDAIYF,TPSDLNTML,1
CASSLGIDAIYF,TPTDLNTML,0
CASSLGIDAIYF,TPVDLNTML,1
CASSLGIDAIYF,TPWDLNTML,1
CASSLGIDAIYF,TPYDLNTML,1
CASSLGIDAIYF,TPQALNTML,1
CASSLGIDAIYF,TPQCLNTML,1
CASSLGIDAIYF,TPQELNTML,1
CASSLGIDAIYF,TPQFLNTML,1
CASSLGIDAIYF,TPQGLNTML,0
CASSLGIDAIYF,TPQHLNTML,1
CASSLGIDAIYF,TPQILNTML,1
CASSLGIDAIYF,TPQKLNTML,0
CASSLGIDAIYF,TPQLLNTML,0
CASSLGIDAIYF,TPQMLNTML,1
CASSLGIDAIYF,TPQNLNTML,1
CASSLGIDAIYF,TPQPLNTML,0
CASSLGIDAIYF,TPQQLNTML,1
CASSLGIDAIYF,TPQRLNTML,0
CASSLGIDAIYF,TPQSLNTML,0
CASSLGIDAIYF,TPQTLNTML,0
CASSLGIDAIYF,TPQVLNTML,0
CASSLGIDAIYF,TPQWLNTML,1
CASSLGIDAIYF,TPQYLNTML,1
CASSLGIDAIYF,TPQDANTML,0
CASSLGIDAIYF,TPQDCNTML,0
CASSLGIDAIYF,TPQDDNTML,0
CASSLGIDAIYF,TPQDENTML,0
CASSLGIDAIYF,TPQDFNTML,1
CASSLGIDAIYF,TPQDGNTML,0
CASSLGIDAIYF,TPQDHNTML,0
CASSLGIDAIYF,TPQDINTML,1
CASSLGIDAIYF,TPQDKNTML,0
CASSLGIDAIYF,TPQDMNTML,1
CASSLGIDAIYF,TPQDNNTML,0
CASSLGIDAIYF,TPQDPNTML,0
CASSLGIDAIYF,TPQDQNTML,1
CASSLGIDAIYF,TPQDRNTML,0
CASSLGIDAIYF,TPQDSNTML,0
CASSLGIDAIYF,TPQDTNTML,1
CASSLGIDAIYF,TPQDVNTML,0
CASSLGIDAIYF,TPQDWNTML,0
CASSLGIDAIYF,TPQDYNTML,1
CASSLGIDAIYF,TPQDLATML,0
CASSLGIDAIYF,TPQDLCTML,0
CASSLGIDAIYF,TPQDLDTML,0
CASSLGIDAIYF,TPQDLETML,0
CASSLGIDAIYF,TPQDLFTML,0
CASSLGIDAIYF,TPQDLGTML,0
CASSLGIDAIYF,TPQDLHTML,1
CASSLGIDAIYF,TPQDLITML,0
CASSLGIDAIYF,TPQDLKTML,0
CASSLGIDAIYF,TPQDLLTML,0
CASSLGIDAIYF,TPQDLMTML,0
CASSLGIDAIYF,TPQDLPTML,0
CASSLGIDAIYF,TPQDLQTML,0
CASSLGIDAIYF,TPQDLRTML,0
CASSLGIDAIYF,TPQDLSTML,0
CASSLGIDAIYF,TPQDLTTML,0
CASSLGIDAIYF,TPQDLVTML,0
CASSLGIDAIYF,TPQDLWTML,0
CASSLGIDAIYF,TPQDLYTML,0
CASSLGIDAIYF,TPQDLNAML,1
CASSLGIDAIYF,TPQDLNCML,0
CASSLGIDAIYF,TPQDLNDML,1
CASSLGIDAIYF,TPQDLNEML,0
CASSLGIDAIYF,TPQDLNFML,0
CASSLGIDAIYF,TPQDLNGML,0
CASSLGIDAIYF,TPQDLNHML,0
CASSLGIDAIYF,TPQDLNIML,1
CASSLGIDAIYF,TPQDLNKML,0
CASSLGIDAIYF,TPQDLNLML,1
CASSLGIDAIYF,TPQDLNMML,0
CASSLGIDAIYF,TPQDLNNML,1
CASSLGIDAIYF,TPQDLNPML,1
CASSLGIDAIYF,TPQDLNQML,1
CASSLGIDAIYF,TPQDLNRML,0
CASSLGIDAIYF,TPQDLNSML,1
CASSLGIDAIYF,TPQDLNVML,1
CASSLGIDAIYF,TPQDLNWML,0
CASSLGIDAIYF,TPQDLNYML,0
CASSLGIDAIYF,TPQDLNTAL,1
CASSLGIDAIYF,TPQDLNTCL,1
CASSLGIDAIYF,TPQDLNTDL,1
CASSLGIDAIYF,TPQDLNTEL,1
CASSLGIDAIYF,TPQDLNTFL,0
CASSLGIDAIYF,TPQDLNTGL,1
CASSLGIDAIYF,TPQDLNTHL,1
CASSLGIDAIYF,TPQDLNTIL,1
CASSLGIDAIYF,TPQDLNTKL,1
CASSLGIDAIYF,TPQDLNTLL,1
CASSLGIDAIYF,TPQDLNTNL,1
CASSLGIDAIYF,TPQDLNTPL,0
CASSLGIDAIYF,TPQDLNTQL,1
CASSLGIDAIYF,TPQDLNTRL,1
CASSLGIDAIYF,TPQDLNTSL,1
CASSLGIDAIYF,TPQDLNTTL,1
CASSLGIDAIYF,TPQDLNTVL,1
CASSLGIDAIYF,TPQDLNTWL,1
CASSLGIDAIYF,TPQDLNTYL,1
CASSLGIDAIYF,TPQDLNTMA,0
CASSLGIDAIYF,TPQDLNTMC,1
CASSLGIDAIYF,TPQDLNTMD,0
CASSLGIDAIYF,TPQDLNTME,0
CASSLGIDAIYF,TPQDLNTMF,1
CASSLGIDAIYF,TPQDLNTMG,0
CASSLGIDAIYF,TPQDLNTMH,1
CASSLGIDAIYF,TPQDLNTMI,1
CASSLGIDAIYF,TPQDLNTMK,0
CASSLGIDAIYF,TPQDLNTMM,1
CASSLGIDAIYF,TPQDLNTMN,0
CASSLGIDAIYF,TPQDLNTMP,0
CASSLGIDAIYF,TPQDLNTMQ,1
CASSLGIDAIYF,TPQDLNTMR,0
CASSLGIDAIYF,TPQDLNTMS,0
CASSLGIDAIYF,TPQDLNTMT,0
CASSLGIDAIYF,TPQDLNTMV,1
CASSLGIDAIYF,TPQDLNTMW,0
CASSLGIDAIYF,TPQDLNTMY,0
CASSYLNRDSALDF,ELLMWITQC,1
CASSYLNRDSALDF,DLLMWITQC,0
CASSYLNRDSALDF,QLLMWITQC,1
CASSYLNRDSALDF,NLLMWITQC,1
CASSYLNRDSALDF,CLLMWITQC,1
CASSYLNRDSALDF,TLLMWITQC,1
CASSYLNRDSALDF,SLLMWITQC,1
CASSYLNRDSALDF,ALLMWITQC,1
CASSYLNRDSALDF,GLLMWITQC,1
CASSYLNRDSALDF,PLLMWITQC,1
CASSYLNRDSALDF,VLLMWITQC,1
CASSYLNRDSALDF,MLLMWITQC,1
CASSYLNRDSALDF,ILLMWITQC,1
CASSYLNRDSALDF,LLLMWITQC,1
CASSYLNRDSALDF,FLLMWITQC,1
CASSYLNRDSALDF,YLLMWITQC,1
CASSYLNRDSALDF,WLLMWITQC,1
CASSYLNRDSALDF,HLLMWITQC,1
CASSYLNRDSALDF,RLLMWITQC,1
CASSYLNRDSALDF,KLLMWITQC,1
CASSYLNRDSALDF,SELMWITQC,0
CASSYLNRDSALDF,SDLMWITQC,1
CASSYLNRDSALDF,SQLMWITQC,1
CASSYLNRDSALDF,SNLMWITQC,0
CASSYLNRDSALDF,SCLMWITQC,1
CASSYLNRDSALDF,STLMWITQC,1
CASSYLNRDSALDF,SSLMWITQC,1
CASSYLNRDSALDF,SALMWITQC,1
CASSYLNRDSALDF,SGLMWITQC,1
CASSYLNRDSALDF,SPLMWITQC,1
CASSYLNRDSALDF,SVLMWITQC,1
CASSYLNRDSALDF,SMLMWITQC,1
CASSYLNRDSALDF,SILMWITQC,1
CASSYLNRDSALDF,SFLMWITQC,1
CASSYLNRDSALDF,SYLMWITQC,1
CASSYLNRDSALDF,SWLMWITQC,1
CASSYLNRDSALDF,SHLMWITQC,0
CASSYLNRDSALDF,SRLMWITQC,1
CASSYLNRDSALDF,SKLMWITQC,1
CASSYLNRDSALDF,SLEMWITQC,1
CASSYLNRDSALDF,SLDMWITQC,1
CASSYLNRDSALDF,SLQMWITQC,1
CASSYLNRDSALDF,SLNMWITQC,1
CASSYLNRDSALDF,SLCMWITQC,1
CASSYLNRDSALDF,SLTMWITQC,1
CASSYLNRDSALDF,SLSMWITQC,1
CASSYLNRDSALDF,SLAMWITQC,1
CASSYLNRDSALDF,SLGMWITQC,1
CASSYLNRDSALDF,SLPMWITQC,1
CASSYLNRDSALDF,SLVMWITQC,1
CASSYLNRDSALDF,SLMMWITQC,1
CASSYLNRDSALDF,SLIMWITQC,1
CASSYLNRDSALDF,SLFMWITQC,1
CASSYLNRDSALDF,SLYMWITQC,1
CASSYLNRDSALDF,SLWMWITQC,1
CASSYLNRDSALDF,SLHMWITQC,1
CASSYLNRDSALDF,SLRMWITQC,1
CASSYLNRDSALDF,SLKMWITQC,1
CASSYLNRDSALDF,SLLEWITQC,1
CASSYLNRDSALDF,SLLDWITQC,0
CASSYLNRDSALDF,SLLQWITQC,1
CASSYLNRDSALDF,SLLNWITQC,0
CASSYLNRDSALDF,SLLCWITQC,1
CASSYLNRDSALDF,SLLTWITQC,1
CASSYLNRDSALDF,SLLSWITQC,0
CASSYLNRDSALDF,SLLAWITQC,1
CASSYLNRDSALDF,SLLGWITQC,0
CASSYLNRDSALDF,SLLPWITQC,0
CASSYLNRDSALDF,SLLVWITQC,1
CASSYLNRDSALDF,SLLIWITQC,1
CASSYLNRDSALDF,SLLLWITQC,1
CASSYLNRDSALDF,SLLFWITQC,1
CASSYLNRDSALDF,SLLYWITQC,0
CASSYLNRDSALDF,SLLWWITQC,0
CASSYLNRDSALDF,SLLHWITQC,1
CASSYLNRDSALDF,SLLRWITQC,1
CASSYLNRDSALDF,SLLKWITQC,1
CASSYLNRDSALDF,SLLMEITQC,1
CASSYLNRDSALDF,SLLMDITQC,0
CASSYLNRDSALDF,SLLMQITQC,0
CASSYLNRDSALDF,SLLMNITQC,0
CASSYLNRDSALDF,SLLMCITQC,0
CASSYLNRDSALDF,SLLMTITQC,0
CASSYLNRDSALDF,SLLMSITQC,0
CASSYLNRDSALDF,SLLMAITQC,0
CASSYLNRDSALDF,SLLMGITQC,0
CASSYLNRDSALDF,SLLMPITQC,0
CASSYLNRDSALDF,SLLMVITQC,0
CASSYLNRDSALDF,SLLMMITQC,0
CASSYLNRDSALDF,SLLMIITQC,0
CASSYLNRDSALDF,SLLMLITQC,1
CASSYLNRDSALDF,SLLMFITQC,0
CASSYLNRDSALDF,SLLMYITQC,0
CASSYLNRDSALDF,SLLMHITQC,0
CASSYLNRDSALDF,SLLMRITQC,0
CASSYLNRDSALDF,SLLMKITQC,0
CASSYLNRDSALDF,SLLMWETQC,1
CASSYLNRDSALDF,SLLMWDTQC,0
CASSYLNRDSALDF,SLLMWQTQC,1
CASSYLNRDSALDF,SLLMWNTQC,1
CASSYLNRDSALDF,SLLMWCTQC,1
CASSYLNRDSALDF,SLLMWTTQC,0
CASSYLNRDSALDF,SLLMWSTQC,1
CASSYLNRDSALDF,SLLMWATQC,0
CASSYLNRDSALDF,SLLMWGTQC,1
CASSYLNRDSALDF,SLLMWPTQC,1
CASSYLNRDSALDF,SLLMWVTQC,1
CASSYLNRDSALDF,SLLMWMTQC,1
CASSYLNRDSALDF,SLLMWLTQC,1
CASSYLNRDSALDF,SLLMWFTQC,1
CASSYLNRDSALDF,SLLMWYTQC,1
CASSYLNRDSALDF,SLLMWWTQC,1
CASSYLNRDSALDF,SLLMWHTQC,1
CASSYLNRDSALDF,SLLMWRTQC,0
CASSYLNRDSALDF,SLLMWKTQC,1
CASSYLNRDSALDF,SLLMWIEQC,1
CASSYLNRDSALDF,SLLMWIDQC,0
CASSYLNRDSALDF,SLLMWIQQC,0
CASSYLNRDSALDF,SLLMWINQC,0
CASSYLNRDSALDF,SLLMWICQC,1
CASSYLNRDSALDF,SLLMWISQC,1
CASSYLNRDSALDF,SLLMWIAQC,1
CASSYLNRDSALDF,SLLMWIGQC,0
CASSYLNRDSALDF,SLLMWIPQC,0
CASSYLNRDSALDF,SLLMWIVQC,1
CASSYLNRDSALDF,SLLMWIMQC,0
CASSYLNRDSALDF,SLLMWIIQC,1
CASSYLNRDSALDF,SLLMWILQC,1
CASSYLNRDSALDF,SLLMWIFQC,1
CASSYLNRDSALDF,SLLMWIYQC,0
CASSYLNRDSALDF,SLLMWIWQC,1
CASSYLNRDSALDF,SLLMWIHQC,0
CASSYLNRDSALDF,SLLMWIRQC,0
CASSYLNRDSALDF,SLLMWIKQC,0
CASSYLNRDSALDF,SLLMWITEC,0
CASSYLNRDSALDF,SLLMWITDC,0
CASSYLNRDSALDF,SLLMWITNC,0
CASSYLNRDSALDF,SLLMWITCC,1
CASSYLNRDSALDF,SLLMWITTC,0
CASSYLNRDSALDF,SLLMWITSC,1
CASSYLNRDSALDF,SLLMWITAC,1
CASSYLNRDSALDF,SLLMWITGC,1
CASSYLNRDSALDF,SLLMWITPC,0
CASSYLNRDSALDF,SLLMWITVC,1
CASSYLNRDSALDF,SLLMWITMC,0
CASSYLNRDSALDF,SLLMWITIC,1
CASSYLNRDSALDF,SLLMWITLC,1
CASSYLNRDSALDF,SLLMWITFC,0
CASSYLNRDSALDF,SLLMWITYC,1
CASSYLNRDSALDF,SLLMWITWC,0
CASSYLNRDSALDF,SLLMWITHC,0
CASSYLNRDSALDF,SLLMWITRC,0
CASSYLNRDSALDF,SLLMWITKC,1
CASSYLNRDSALDF,SLLMWITQE,1
CASSYLNRDSALDF,SLLMWITQD,1
CASSYLNRDSALDF,SLLMWITQQ,1
CASSYLNRDSALDF,SLLMWITQN,1
CASSYLNRDSALDF,SLLMWITQT,1
CASSYLNRDSALDF,SLLMWITQS,1
CASSYLNRDSALDF,SLLMWITQA,1
CASSYLNRDSALDF,SLLMWITQG,1
CASSYLNRDSALDF,SLLMWITQP,1
CASSYLNRDSALDF,SLLMWITQV,1
CASSYLNRDSALDF,SLLMWITQM,1
CASSYLNRDSALDF,SLLMWITQI,1
CASSYLNRDSALDF,SLLMWITQL,1
CASSYLNRDSALDF,SLLMWITQF,1
CASSYLNRDSALDF,SLLMWITQY,1
CASSYLNRDSALDF,SLLMWITQW,1
CASSYLNRDSALDF,SLLMWITQH,1
CASSYLNRDSALDF,SLLMWITQR,1
CASSYLNRDSALDF,SLLMWITQK,1
CASSDTVSYEQYF,SLYNTVATL,1
CASSDTVSYEQYF,GLYNTVATL,1
CASSDTVSYEQYF,PLYNTVATL,0
CASSDTVSYEQYF,ALYNTVATL,1
CASSDTVSYEQYF,VLYNTVATL,1
CASSDTVSYEQYF,LLYNTVATL,1
CASSDTVSYEQYF,ILYNTVATL,1
CASSDTVSYEQYF,MLYNTVATL,1
CASSDTVSYEQYF,FLYNTVATL,1
CASSDTVSYEQYF,YLYNTVATL,0
CASSDTVSYEQYF,WLYNTVATL,0
CASSDTVSYEQYF,HLYNTVATL,0
CASSDTVSYEQYF,KLYNTVATL,1
CASSDTVSYEQYF,RLYNTVATL,1
CASSDTVSYEQYF,QLYNTVATL,0
CASSDTVSYEQYF,NLYNTVATL,1
CASSDTVSYEQYF,ELYNTVATL,0
CASSDTVSYEQYF,DLYNTVATL,0
CASSDTVSYEQYF,TLYNTVATL,1
CASSDTVSYEQYF,SGYNTVATL,0
CASSDTVSYEQYF,SPYNTVATL,0
CASSDTVSYEQYF,SAYNTVATL,0
CASSDTVSYEQYF,SVYNTVATL,0
CASSDTVSYEQYF,SIYNTVATL,1
CASSDTVSYEQYF,SMYNTVATL,1
CASSDTVSYEQYF,SFYNTVATL,0
CASSDTVSYEQYF,SYYNTVATL,0
CASSDTVSYEQYF,SWYNTVATL,0
CASSDTVSYEQYF,SHYNTVATL,0
CASSDTVSYEQYF,SKYNTVATL,0
CASSDTVSYEQYF,SRYNTVATL,0
CASSDTVSYEQYF,SQYNTVATL,0
CASSDTVSYEQYF,SNYNTVATL,0
CASSDTVSYEQYF,SEYNTVATL,0
CASSDTVSYEQYF,SDYNTVATL,0
CASSDTVSYEQYF,SSYNTVATL,0
CASSDTVSYEQYF,STYNTVATL,0
CASSDTVSYEQYF,SLGNTVATL,0
CASSDTVSYEQYF,SLPNTVATL,0
CASSDTVSYEQYF,SLANTVATL,0
CASSDTVSYEQYF,SLVNTVATL,0
CASSDTVSYEQYF,SLLNTVATL,0
CASSDTVSYEQYF,SLINTVATL,0
CASSDTVSYEQYF,SLMNTVATL,0
CASSDTVSYEQYF,SLFNTVATL,1
CASSDTVSYEQYF,SLWNTVATL,1
CASSDTVSYEQYF,SLHNTVATL,0
CASSDTVSYEQYF,SLKNTVATL,0
CASSDTVSYEQYF,SLRNTVATL,0
CASSDTVSYEQYF,SLQNTVATL,0
CASSDTVSYEQYF,SLNNTVATL,0
CASSDTVSYEQYF,SLENTVATL,0
CASSDTVSYEQYF,SLDNTVATL,0
CASSDTVSYEQYF,SLSNTVATL,0
CASSDTVSYEQYF,SLTNTVATL,0
CASSDTVSYEQYF,SLYGTVATL,0
CASSDTVSYEQYF,SLYPTVATL,0
CASSDTVSYEQYF,SLYATVATL,0
CASSDTVSYEQYF,SLYVTVATL,0
CASSDTVSYEQYF,SLYLTVATL,0
CASSDTVSYEQYF,SLYITVATL,0
CASSDTVSYEQYF,SLYMTVATL,0
CASSDTVSYEQYF,SLYFTVATL,0
CASSDTVSYEQYF,SLYYTVATL,0
CASSDTVSYEQYF,SLYWTVATL,0
CASSDTVSYEQYF,SLYHTVATL,0
CASSDTVSYEQYF,SLYKTVATL,0
CASSDTVSYEQYF,SLYRTVATL,0
CASSDTVSYEQYF,SLYQTVATL,0
CASSDTVSYEQYF,SLYETVATL,0
CASSDTVSYEQYF,SLYDTVATL,0
CASSDTVSYEQYF,SLYSTVATL,1
CASSDTVSYEQYF,SLYTTVATL,0
CASSDTVSYEQYF,SLYNGVATL,0
CASSDTVSYEQYF,SLYNPVATL,0
CASSDTVSYEQYF,SLYNAVATL,0
CASSDTVSYEQYF,SLYNVVATL,1
CASSDTVSYEQYF,SLYNLVATL,1
CASSDTVSYEQYF,SLYNIVATL,1
CASSDTVSYEQYF,SLYNMVATL,1
CASSDTVSYEQYF,SLYNFVATL,0
CASSDTVSYEQYF,SLYNYVATL,0
CASSDTVSYEQYF,SLYNWVATL,0
CASSDTVSYEQYF,SLYNHVATL,0
CASSDTVSYEQYF,SLYNKVATL,0
CASSDTVSYEQYF,SLYNRVATL,0
CASSDTVSYEQYF,SLYNQVATL,0
CASSDTVSYEQYF,SLYNNVATL,0
CASSDTVSYEQYF,SLYNEVATL,0
CASSDTVSYEQYF,SLYNDVATL,0
CASSDTVSYEQYF,SLYNSVATL,1
CASSDTVSYEQYF,SLYNTGATL,0
CASSDTVSYEQYF,SLYNTPATL,1
CASSDTVSYEQYF,SLYNTAATL,0
CASSDTVSYEQYF,SLYNTLATL,1
CASSDTVSYEQYF,SLYNTIATL,1
CASSDTVSYEQYF,SLYNTMATL,0
CASSDTVSYEQYF,SLYNTFATL,0
CASSDTVSYEQYF,SLYNTYATL,0
CASSDTVSYEQYF,SLYNTWATL,0
CASSDTVSYEQYF,SLYNTHATL,0
CASSDTVSYEQYF,SLYNTKATL,0
CASSDTVSYEQYF,SLYNTRATL,0
CASSDTVSYEQYF,SLYNTQATL,0
CASSDTVSYEQYF,SLYNTNATL,0
CASSDTVSYEQYF,SLYNTEATL,0
CASSDTVSYEQYF,SLYNTDATL,0
CASSDTVSYEQYF,SLYNTSATL,0
CASSDTVSYEQYF,SLYNTTATL,1
CASSDTVSYEQYF,SLYNTVGTL,0
CASSDTVSYEQYF,SLYNTVPTL,1
CASSDTVSYEQYF,SLYNTVVTL,0
CASSDTVSYEQYF,SLYNTVLTL,0
CASSDTVSYEQYF,SLYNTVITL,0
CASSDTVSYEQYF,SLYNTVMTL,1
CASSDTVSYEQYF,SLYNTVFTL,0
CASSDTVSYEQYF,SLYNTVYTL,0
CASSDTVSYEQYF,SLYNTVWTL,0
CASSDTVSYEQYF,SLYNTVHTL,1
CASSDTVSYEQYF,SLYNTVKTL,0
CASSDTVSYEQYF,SLYNTVRTL,0
CASSDTVSYEQYF,SLYNTVQTL,1
CASSDTVSYEQYF,SLYNTVNTL,1
CASSDTVSYEQYF,SLYNTVETL,0
CASSDTVSYEQYF,SLYNTVDTL,0
CASSDTVSYEQYF,SLYNTVSTL,1
CASSDTVSYEQYF,SLYNTVTTL,1
CASSDTVSYEQYF,SLYNTVAGL,1
CASSDTVSYEQYF,SLYNTVAPL,0
CASSDTVSYEQYF,SLYNTVAAL,1
CASSDTVSYEQYF,SLYNTVAVL,1
CASSDTVSYEQYF,SLYNTVALL,1
CASSDTVSYEQYF,SLYNTVAIL,1
CASSDTVSYEQYF,SLYNTVAML,1
CASSDTVSYEQYF,SLYNTVAFL,0
CASSDTVSYEQYF,SLYNTVAYL,0
CASSDTVSYEQYF,SLYNTVAWL,0
CASSDTVSYEQYF,SLYNTVAHL,1
CASSDTVSYEQYF,SLYNTVAKL,1
CASSDTVSYEQYF,SLYNTVARL,1
CASSDTVSYEQYF,SLYNTVAQL,1
CASSDTVSYEQYF,SLYNTVANL,1
CASSDTVSYEQYF,SLYNTVAEL,1
CASSDTVSYEQYF,SLYNTVADL,1
CASSDTVSYEQYF,SLYNTVASL,1
CASSDTVSYEQYF,SLYNTVATG,0
CASSDTVSYEQYF,SLYNTVATP,0
CASSDTVSYEQYF,SLYNTVATA,1
CASSDTVSYEQYF,SLYNTVATV,1
CASSDTVSYEQYF,SLYNTVATI,1
CASSDTVSYEQYF,SLYNTVATM,1
CASSDTVSYEQYF,SLYNTVATF,0
CASSDTVSYEQYF,SLYNTVATY,0
CASSDTVSYEQYF,SLYNTVATW,0
CASSDTVSYEQYF,SLYNTVATH,0
CASSDTVSYEQYF,SLYNTVATK,0
CASSDTVSYEQYF,SLYNTVATR,0
CASSDTVSYEQYF,SLYNTVATQ,0
CASSDTVSYEQYF,SLYNTVATN,0
CASSDTVSYEQYF,SLYNTVATE,0
CASSDTVSYEQYF,SLYNTVATD,0
CASSDTVSYEQYF,SLYNTVATS,0
CASSDTVSYEQYF,SLYNTVATT,1
CASSPRGGTADTQYF,IMDQVPFSV,1
CASSPRGGTADTQYF,AMDQVPFSV,0
CASSPRGGTADTQYF,CMDQVPFSV,0
CASSPRGGTADTQYF,DMDQVPFSV,0
CASSPRGGTADTQYF,EMDQVPFSV,0
CASSPRGGTADTQYF,FMDQVPFSV,1
CASSPRGGTADTQYF,GMDQVPFSV,0
CASSPRGGTADTQYF,HMDQVPFSV,1
CASSPRGGTADTQYF,KMDQVPFSV,0
CASSPRGGTADTQYF,LMDQVPFSV,1
CASSPRGGTADTQYF,MMDQVPFSV,1
CASSPRGGTADTQYF,NMDQVPFSV,0
CASSPRGGTADTQYF,PMDQVPFSV,0
CASSPRGGTADTQYF,QMDQVPFSV,0
CASSPRGGTADTQYF,RMDQVPFSV,0
CASSPRGGTADTQYF,SMDQVPFSV,0
CASSPRGGTADTQYF,TMDQVPFSV,0
CASSPRGGTADTQYF,VMDQVPFSV,1
CASSPRGGTADTQYF,WMDQVPFSV,1
CASSPRGGTADTQYF,YMDQVPFSV,0
CASSPRGGTADTQYF,IADQVPFSV,0
CASSPRGGTADTQYF,ICDQVPFSV,0
CASSPRGGTADTQYF,IDDQVPFSV,0
CASSPRGGTADTQYF,IEDQVPFSV,1
CASSPRGGTADTQYF,IFDQVPFSV,1
CASSPRGGTADTQYF,IGDQVPFSV,1
CASSPRGGTADTQYF,IHDQVPFSV,1
CASSPRGGTADTQYF,IIDQVPFSV,0
CASSPRGGTADTQYF,IKDQVPFSV,1
CASSPRGGTADTQYF,ILDQVPFSV,1
CASSPRGGTADTQYF,INDQVPFSV,0
CASSPRGGTADTQYF,IPDQVPFSV,0
CASSPRGGTADTQYF,IQDQVPFSV,0
CASSPRGGTADTQYF,IRDQVPFSV,1
CASSPRGGTADTQYF,ISDQVPFSV,1
CASSPRGGTADTQYF,ITDQVPFSV,0
CASSPRGGTADTQYF,IVDQVPFSV,1
CASSPRGGTADTQYF,IWDQVPFSV,0
CASSPRGGTADTQYF,IYDQVPFSV,0
CASSPRGGTADTQYF,IMAQVPFSV,0
CASSPRGGTADTQYF,IMCQVPFSV,1
CASSPRGGTADTQYF,IMEQVPFSV,0
CASSPRGGTADTQYF,IMFQVPFSV,0
CASSPRGGTADTQYF,IMGQVPFSV,0
CASSPRGGTADTQYF,IMHQVPFSV,0
CASSPRGGTADTQYF,IMIQVPFSV,1
CASSPRGGTADTQYF,IMKQVPFSV,0
CASSPRGGTADTQYF,IMLQVPFSV,1
CASSPRGGTADTQYF,IMMQVPFSV,0
CASSPRGGTADTQYF,IMNQVPFSV,1
CASSPRGGTADTQYF,IMPQVPFSV,0
CASSPRGGTADTQYF,IMQQVPFSV,0
CASSPRGGTADTQYF,IMRQVPFSV,0
CASSPRGGTADTQYF,IMSQVPFSV,0
CASSPRGGTADTQYF,IMTQVPFSV,0
CASSPRGGTADTQYF,IMVQVPFSV,0
CASSPRGGTADTQYF,IMWQVPFSV,0
CASSPRGGTADTQYF,IMYQVPFSV,1
CASSPRGGTADTQYF,IMDAVPFSV,1
CASSPRGGTADTQYF,IMDCVPFSV,1
CASSPRGGTADTQYF,IMDDVPFSV,0
CASSPRGGTADTQYF,IMDEVPFSV,0
CASSPRGGTADTQYF,IMDFVPFSV,1
CASSPRGGTADTQYF,IMDGVPFSV,0
CASSPRGGTADTQYF,IMDHVPFSV,1
CASSPRGGTADTQYF,IMDIVPFSV,0
CASSPRGGTADTQYF,IMDKVPFSV,0
CASSPRGGTADTQYF,IMDLVPFSV,1
CASSPRGGTADTQYF,IMDMVPFSV,1
CASSPRGGTADTQYF,IMDNVPFSV,0
CASSPRGGTADTQYF,IMDPVPFSV,0
CASSPRGGTADTQYF,IMDRVPFSV,0
CASSPRGGTADTQYF,IMDSVPFSV,0
CASSPRGGTADTQYF,IMDTVPFSV,0
CASSPRGGTADTQYF,IMDVVPFSV,1
CASSPRGGTADTQYF,IMDWVPFSV,1
CASSPRGGTADTQYF,IMDYVPFSV,0
CASSPRGGTADTQYF,IMDQAPFSV,1
CASSPRGGTADTQYF,IMDQCPFSV,1
CASSPRGGTADTQYF,IMDQDPFSV,1
CASSPRGGTADTQYF,IMDQEPFSV,1
CASSPRGGTADTQYF,IMDQFPFSV,0
CASSPRGGTADTQYF,IMDQGPFSV,1
CASSPRGGTADTQYF,IMDQHPFSV,0
CASSPRGGTADTQYF,IMDQIPFSV,1
CASSPRGGTADTQYF,IMDQKPFSV,1
CASSPRGGTADTQYF,IMDQLPFSV,1
CASSPRGGTADTQYF,IMDQMPFSV,1
CASSPRGGTADTQYF,IMDQNPFSV,1
CASSPRGGTADTQYF,IMDQPPFSV,1
CASSPRGGTADTQYF,IMDQQPFSV,1
CASSPRGGTADTQYF,IMDQRPFSV,1
CASSPRGGTADTQYF,IMDQSPFSV,1
CASSPRGGTADTQYF,IMDQTPFSV,1
CASSPRGGTADTQYF,IMDQWPFSV,1
CASSPRGGTADTQYF,IMDQYPFSV,0
CASSPRGGTADTQYF,IMDQVAFSV,0
CASSPRGGTADTQYF,IMDQVCFSV,0
CASSPRGGTADTQYF,IMDQVDFSV,0
CASSPRGGTADTQYF,IMDQVEFSV,1
CASSPRGGTADTQYF,IMDQVFFSV,0
CASSPRGGTADTQYF,IMDQVGFSV,0
CASSPRGGTADTQYF,IMDQVHFSV,0
CASSPRGGTADTQYF,IMDQVIFSV,0
CASSPRGGTADTQYF,IMDQVKFSV,0
CASSPRGGTADTQYF,IMDQVLFSV,0
CASSPRGGTADTQYF,IMDQVMFSV,0
CASSPRGGTADTQYF,IMDQVNFSV,0
CASSPRGGTADTQYF,IMDQVQFSV,0
CASSPRGGTADTQYF,IMDQVRFSV,0
CASSPRGGTADTQYF,IMDQVSFSV,0
CASSPRGGTADTQYF,IMDQVTFSV,0
CASSPRGGTADTQYF,IMDQVVFSV,0
CASSPRGGTADTQYF,IMDQVWFSV,0
CASSPRGGTADTQYF,IMDQVYFSV,0
CASSPRGGTADTQYF,IMDQVPASV,1
CASSPRGGTADTQYF,IMDQVPCSV,0
CASSPRGGTADTQYF,IMDQVPDSV,1
CASSPRGGTADTQYF,IMDQVPESV,1
CASSPRGGTADTQYF,IMDQVPGSV,0
CASSPRGGTADTQYF,IMDQVPHSV,1
CASSPRGGTADTQYF,IMDQVPISV,1
CASSPRGGTADTQYF,IMDQVPKSV,0
CASSPRGGTADTQYF,IMDQVPLSV,0
CASSPRGGTADTQYF,IMDQVPMSV,1
CASSPRGGTADTQYF,IMDQVPNSV,1
CASSPRGGTADTQYF,IMDQVPPSV,1
CASSPRGGTADTQYF,IMDQVPQSV,0
CASSPRGGTADTQYF,IMDQVPRSV,0
CASSPRGGTADTQYF,IMDQVPSSV,1
CASSPRGGTADTQYF,IMDQVPTSV,1
CASSPRGGTADTQYF,IMDQVPVSV,0
CASSPRGGTADTQYF,IMDQVPWSV,1
CASSPRGGTADTQYF,IMDQVPYSV,1
CASSPRGGTADTQYF,IMDQVPFAV,1
CASSPRGGTADTQYF,IMDQVPFCV,1
CASSPRGGTADTQYF,IMDQVPFDV,1
CASSPRGGTADTQYF,IMDQVPFEV,1
CASSPRGGTADTQYF,IMDQVPFFV,1
CASSPRGGTADTQYF,IMDQVPFGV,1
CASSPRGGTADTQYF,IMDQVPFHV,1
CASSPRGGTADTQYF,IMDQVPFIV,1
CASSPRGGTADTQYF,IMDQVPFKV,1
CASSPRGGTADTQYF,IMDQVPFLV,1
CASSPRGGTADTQYF,IMDQVPFMV,1
CASSPRGGTADTQYF,IMDQVPFNV,1
CASSPRGGTADTQYF,IMDQVPFPV,1
CASSPRGGTADTQYF,IMDQVPFQV,1
CASSPRGGTADTQYF,IMDQVPFRV,1
CASSPRGGTADTQYF,IMDQVPFTV,1
CASSPRGGTADTQYF,IMDQVPFVV,1
CASSPRGGTADTQYF,IMDQVPFWV,1
CASSPRGGTADTQYF,IMDQVPFYV,1
CASSPRGGTADTQYF,IMDQVPFSA,1
CASSPRGGTADTQYF,IMDQVPFSC,1
CASSPRGGTADTQYF,IMDQVPFSD,0
CASSPRGGTADTQYF,IMDQVPFSE,1
CASSPRGGTADTQYF,IMDQVPFSF,0
CASSPRGGTADTQYF,IMDQVPFSG,1
CASSPRGGTADTQYF,IMDQVPFSH,1
CASSPRGGTADTQYF,IMDQVPFSI,1
CASSPRGGTADTQYF,IMDQVPFSK,1
CASSPRGGTADTQYF,IMDQVPFSL,1
CASSPRGGTADTQYF,IMDQVPFSM,1
CASSPRGGTADTQYF,IMDQVPFSN,1
CASSPRGGTADTQYF,IMDQVPFSP,1
CASSPRGGTADTQYF,IMDQVPFSQ,1
CASSPRGGTADTQYF,IMDQVPFSR,0
CASSPRGGTADTQYF,IMDQVPFSS,1
CASSPRGGTADTQYF,IMDQVPFST,1
CASSPRGGTADTQYF,IMDQVPFSW,0
CASSPRGGTADTQYF,IMDQVPFSY,0
CASSLARQGSNEQYF,GRLKALCQR,1
CASSLARQGSNEQYF,ARLKALCQR,1
CASSLARQGSNEQYF,CRLKALCQR,1
CASSLARQGSNEQYF,DRLKALCQR,1
CASSLARQGSNEQYF,ERLKALCQR,1
CASSLARQGSNEQYF,FRLKALCQR,1
CASSLARQGSNEQYF,HRLKALCQR,1
CASSLARQGSNEQYF,IRLKALCQR,1
CASSLARQGSNEQYF,KRLKALCQR,1
CASSLARQGSNEQYF,LRLKALCQR,1
CASSLARQGSNEQYF,MRLKALCQR,1
CASSLARQGSNEQYF,NRLKALCQR,1
CASSLARQGSNEQYF,PRLKALCQR,1
CASSLARQGSNEQYF,QRLKALCQR,1
CASSLARQGSNEQYF,RRLKALCQR,1
CASSLARQGSNEQYF,SRLKALCQR,1
CASSLARQGSNEQYF,TRLKALCQR,1
CASSLARQGSNEQYF,VRLKALCQR,1
CASSLARQGSNEQYF,WRLKALCQR,1
CASSLARQGSNEQYF,YRLKALCQR,1
CASSLARQGSNEQYF,GALKALCQR,0
CASSLARQGSNEQYF,GCLKALCQR,1
CASSLARQGSNEQYF,GDLKALCQR,0
CASSLARQGSNEQYF,GELKALCQR,0
CASSLARQGSNEQYF,GFLKALCQR,0
CASSLARQGSNEQYF,GGLKALCQR,0
CASSLARQGSNEQYF,GHLKALCQR,1
CASSLARQGSNEQYF,GILKALCQR,1
CASSLARQGSNEQYF,GKLKALCQR,0
CASSLARQGSNEQYF,GLLKALCQR,0
CASSLARQGSNEQYF,GMLKALCQR,1
CASSLARQGSNEQYF,GNLKALCQR,1
CASSLARQGSNEQYF,GPLKALCQR,1
CASSLARQGSNEQYF,GQLKALCQR,1
CASSLARQGSNEQYF,GSLKALCQR,0
CASSLARQGSNEQYF,GTLKALCQR,0
CASSLARQGSNEQYF,GVLKALCQR,0
CASSLARQGSNEQYF,GWLKALCQR,0
CASSLARQGSNEQYF,GYLKALCQR,0
CASSLARQGSNEQYF,GRAKALCQR,1
CASSLARQGSNEQYF,GRCKALCQR,1
CASSLARQGSNEQYF,GRDKALCQR,1
CASSLARQGSNEQYF,GREKALCQR,1
CASSLARQGSNEQYF,GRFKALCQR,0
CASSLARQGSNEQYF,GRGKALCQR,1
CASSLARQGSNEQYF,GRHKALCQR,1
CASSLARQGSNEQYF,GRIKALCQR,0
CASSLARQGSNEQYF,GRKKALCQR,1
CASSLARQGSNEQYF,GRMKALCQR,1
CASSLARQGSNEQYF,GRNKALCQR,1
CASSLARQGSNEQYF,GRPKALCQR,0
CASSLARQGSNEQYF,GRQKALCQR,1
CASSLARQGSNEQYF,GRRKALCQR,0
CASSLARQGSNEQYF,GRSKALCQR,1
CASSLARQGSNEQYF,GRTKALCQR,0
CASSLARQGSNEQYF,GRVKALCQR,0
CASSLARQGSNEQYF,GRWKALCQR,0
CASSLARQGSNEQYF,GRYKALCQR,0
CASSLARQGSNEQYF,GRLAALCQR,0
CASSLARQGSNEQYF,GRLCALCQR,0
CASSLARQGSNEQYF,GRLDALCQR,1
CASSLARQGSNEQYF,GRLEALCQR,0
CASSLARQGSNEQYF,GRLFALCQR,0
CASSLARQGSNEQYF,GRLGALCQR,0
CASSLARQGSNEQYF,GRLHALCQR,0
CASSLARQGSNEQYF,GRLIALCQR,0
CASSLARQGSNEQYF,GRLLALCQR,0
CASSLARQGSNEQYF,GRLMALCQR,0
CASSLARQGSNEQYF,GRLNALCQR,0
CASSLARQGSNEQYF,GRLPALCQR,0
CASSLARQGSNEQYF,GRLQALCQR,0
CASSLARQGSNEQYF,GRLRALCQR,1
CASSLARQGSNEQYF,GRLSALCQR,0
CASSLARQGSNEQYF,GRLTALCQR,0
CASSLARQGSNEQYF,GRLVALCQR,0
CASSLARQGSNEQYF,GRLWALCQR,0
CASSLARQGSNEQYF,GRLYALCQR,0
CASSLARQGSNEQYF,GRLKCLCQR,0
CASSLARQGSNEQYF,GRLKDLCQR,0
CASSLARQGSNEQYF,GRLKELCQR,1
CASSLARQGSNEQYF,GRLKFLCQR,0
CASSLARQGSNEQYF,GRLKGLCQR,1
CASSLARQGSNEQYF,GRLKHLCQR,0
CASSLARQGSNEQYF,GRLKILCQR,0
CASSLARQGSNEQYF,GRLKKLCQR,0
CASSLARQGSNEQYF,GRLKLLCQR,0
CASSLARQGSNEQYF,GRLKMLCQR,0
CASSLARQGSNEQYF,GRLKNLCQR,0
CASSLARQGSNEQYF,GRLKPLCQR,1
CASSLARQGSNEQYF,GRLKQLCQR,0
CASSLARQGSNEQYF,GRLKRLCQR,0
CASSLARQGSNEQYF,GRLKSLCQR,0
CASSLARQGSNEQYF,GRLKTLCQR,0
CASSLARQGSNEQYF,GRLKVLCQR,0
CASSLARQGSNEQYF,GRLKWLCQR,0
CASSLARQGSNEQYF,GRLKYLCQR,0
CASSLARQGSNEQYF,GRLKAACQR,0
CASSLARQGSNEQYF,GRLKACCQR,0
CASSLARQGSNEQYF,GRLKADCQR,0
CASSLARQGSNEQYF,GRLKAECQR,0
CASSLARQGSNEQYF,GRLKAFCQR,0
CASSLARQGSNEQYF,GRLKAGCQR,0
CASSLARQGSNEQYF,GRLKAHCQR,0
CASSLARQGSNEQYF,GRLKAICQR,1
CASSLARQGSNEQYF,GRLKAKCQR,0
CASSLARQGSNEQYF,GRLKAMCQR,1
CASSLARQGSNEQYF,GRLKANCQR,0
CASSLARQGSNEQYF,GRLKAPCQR,0
CASSLARQGSNEQYF,GRLKAQCQR,1
CASSLARQGSNEQYF,GRLKARCQR,1
CASSLARQGSNEQYF,GRLKASCQR,0
CASSLARQGSNEQYF,GRLKATCQR,1
CASSLARQGSNEQYF,GRLKAVCQR,1
CASSLARQGSNEQYF,GRLKAWCQR,1
CASSLARQGSNEQYF,GRLKAYCQR,0
CASSLARQGSNEQYF,GRLKALAQR,0
CASSLARQGSNEQYF,GRLKALDQR,0
CASSLARQGSNEQYF,GRLKALEQR,0
CASSLARQGSNEQYF,GRLKALFQR,0
CASSLARQGSNEQYF,GRLKALGQR,1
CASSLARQGSNEQYF,GRLKALHQR,0
CASSLARQGSNEQYF,GRLKALIQR,0
CASSLARQGSNEQYF,GRLKALKQR,0
CASSLARQGSNEQYF,GRLKALLQR,0
CASSLARQGSNEQYF,GRLKALMQR,0
CASSLARQGSNEQYF,GRLKALNQR,0
CASSLARQGSNEQYF,GRLKALPQR,0
CASSLARQGSNEQYF,GRLKALQQR,0
CASSLARQGSNEQYF,GRLKALRQR,0
CASSLARQGSNEQYF,GRLKALSQR,0
CASSLARQGSNEQYF,GRLKALTQR,0
CASSLARQGSNEQYF,GRLKALVQR,0
CASSLARQGSNEQYF,GRLKALWQR,0
CASSLARQGSNEQYF,GRLKALYQR,1
CASSLARQGSNEQYF,GRLKALCAR,1
CASSLARQGSNEQYF,GRLKALCCR,1
CASSLARQGSNEQYF,GRLKALCDR,1
CASSLARQGSNEQYF,GRLKALCER,0
CASSLARQGSNEQYF,GRLKALCFR,1
CASSLARQGSNEQYF,GRLKALCGR,1
CASSLARQGSNEQYF,GRLKALCHR,1
CASSLARQGSNEQYF,GRLKALCIR,1
CASSLARQGSNEQYF,GRLKALCKR,1
CASSLARQGSNEQYF,GRLKALCLR,1
CASSLARQGSNEQYF,GRLKALCMR,1
CASSLARQGSNEQYF,GRLKALCNR,1
CASSLARQGSNEQYF,GRLKALCPR,1
CASSLARQGSNEQYF,GRLKALCRR,1
CASSLARQGSNEQYF,GRLKALCSR,1
CASSLARQGSNEQYF,GRLKALCTR,1
CASSLARQGSNEQYF,GRLKALCVR,1
CASSLARQGSNEQYF,GRLKALCWR,1
CASSLARQGSNEQYF,GRLKALCYR,1
CASSLARQGSNEQYF,GRLKALCQA,1
CASSLARQGSNEQYF,GRLKALCQC,1
CASSLARQGSNEQYF,GRLKALCQD,1
CASSLARQGSNEQYF,GRLKALCQE,1
CASSLARQGSNEQYF,GRLKALCQF,1
CASSLARQGSNEQYF,GRLKALCQG,1
CASSLARQGSNEQYF,GRLKALCQH,1
CASSLARQGSNEQYF,GRLKALCQI,1
CASSLARQGSNEQYF,GRLKALCQK,1
CASSLARQGSNEQYF,GRLKALCQL,1
CASSLARQGSNEQYF,GRLKALCQM,1
CASSLARQGSNEQYF,GRLKALCQN,1
CASSLARQGSNEQYF,GRLKALCQP,0
CASSLARQGSNEQYF,GRLKALCQQ,1
CASSLARQGSNEQYF,GRLKALCQS,1
CASSLARQGSNEQYF,GRLKALCQT,1
CASSLARQGSNEQYF,GRLKALCQV,1
CASSLARQGSNEQYF,GRLKALCQW,1
CASSLARQGSNEQYF,GRLKALCQY,1
CASRPGLAGGRPEQYF,LLFGYPVYV,1
CASRPGLAGGRPEQYF,LLFGYGVYV,0
CASRPGLAGGRPEQYF,LLFGYNVYV,0
CASRPGLAGGRPEQYF,LLFGTPVYV,0
CASRPGLAGGRPEQYF,LLFGYPVYF,0
CASRPGLAGGRPEQYF,LLFEYPVYV,0
CASRPGLAGGRPEQYF,LWFGYPVYV,0
CASRPGLAGGRPEQYF,LLFIYPVYV,0
CASRPGLAGGRPEQYF,LLFGYPVRV,0
CASRPGLAGGRPEQYF,LLFTYPVYV,0
CASRPGLAGGRPEQYF,LLFGYPVYK,0
CASRPGLAGGRPEQYF,LLFNYPVYV,0
CASRPGLAGGRPEQYF,LLFDYPVYV,0
CASRPGLAGGRPEQYF,LLFGYPVCV,0
CASRPGLAGGRPEQYF,LLFGYPVYR,0
CASRPGLAGGRPEQYF,LLFGCPVYV,0
CASRPGLAGGRPEQYF,LLFRYPVYV,0
CASRPGLAGGRPEQYF,LLFQYPVYV,0
CASRPGLAGGRPEQYF,LLFGYMVYV,0
CASRPGLAGGRPEQYF,LLFGYPYYV,0
CASRPGLAGGRPEQYF,LLFGYPVAV,0
CASRPGLAGGRPEQYF,LLFGKPVYV,0
CASRPGLAGGRPEQYF,LLFGYPVYP,0
CASRPGLAGGRPEQYF,LLIGYPVYV,0
CASRPGLAGGRPEQYF,LLFGYPVPV,0
CASRPGLAGGRPEQYF,LLFGYPVYH,0
CASRPGLAGGRPEQYF,LDFGYPVYV,0
CASRPGLAGGRPEQYF,LPFGYPVYV,0
CASRPGLAGGRPEQYF,LLFGYEVYV,0
CASRPGLAGGRPEQYF,LLFKYPVYV,0
CASRPGLAGGRPEQYF,LLFGYPVQV,0
CASRPGLAGGRPEQYF,LLFGIPVYV,0
CASRPGLAGGRPEQYF,LLRGYPVYV,0
CASRPGLAGGRPEQYF,LLFGYKVYV,0
CASRPGLAGGRPEQYF,LLCGYPVYV,0
CASRPGLAGGRPEQYF,LLFMYPVYV,0
CASRPGLAGGRPEQYF,LLFHYPVYV,0
CASRPGLAGGRPEQYF,LLFGYPVYY,0
CASRPGLAGGRPEQYF,LLFSYPVYV,0
CASRPGLAGGRPEQYF,LLFGYPVNV,0
CASRPGLAGGRPEQYF,LLFGYPVYE,0
CASRPGLAGGRPEQYF,LLFGYSVYV,0
CASRPGLAGGRPEQYF,LHFGYPVYV,0
CASRPGLAGGRPEQYF,LLFGYPVSV,0
CASRPGLAGGRPEQYF,LLFGYPVGV,0
CASRPGLAGGRPEQYF,LLFGYPVTV,0
CASRPGLAGGRPEQYF,LLFGYPVLV,0
CASRPGLAGGRPEQYF,WLFGYPVYV,0
CASRPGLAGGRPEQYF,LLFLYPVYV,0
CASRPGLAGGRPEQYF,LKFGYPVYV,0
CASRPGLAGGRPEQYF,LLFAYPVYV,0
CASRPGLAGGRPEQYF,LLFGEPVYV,0
CASRPGLAGGRPEQYF,LLFGYPLYV,0
CASRPGLAGGRPEQYF,LLFVYPVYV,0
CASRPGLAGGRPEQYF,LLFGYHVYV,0
CASRPGLAGGRPEQYF,LLFGYPVEV,0
CASRPGLAGGRPEQYF,LYFGYPVYV,0
CASRPGLAGGRPEQYF,LLFGYRVYV,0
CASRPGLAGGRPEQYF,LLFCYPVYV,0
CASRPGLAGGRPEQYF,LLFGYWVYV,0
CASRPGLAGGRPEQYF,LLFGYQVYV,0
CASRPGLAGGRPEQYF,LLFYYPVYV,0
CASRPGLAGGRPEQYF,LLFGYPDYV,0
CASRPGLAGGRPEQYF,LLFGYFVYV,0
CASRPGLAGGRPEQYF,LLFPYPVYV,0
CASRPGLAGGRPEQYF,LLVGYPVYV,0
CASRPGLAGGRPEQYF,LLFGYPEYV,1
CASRPGLAGGRPEQYF,LRFGYPVYV,1
CASRPGLAGGRPEQYF,LLFFYPVYV,1
CASRPGLAGGRPEQYF,LLFGYAVYV,1
CASRPGLAGGRPEQYF,LLFWYPVYV,1
CASRPGLAGGRPEQYF,RLFGYPVYV,1
CASRPGLAGGRPEQYF,LLFGYDVYV,1
CASRPGLAGGRPEQYF,LLFGYPVDV,1
CASRPGLAGGRPEQYF,KLFGYPVYV,1
CASRPGLAGGRPEQYF,LLFGQPVYV,1
CASRPGLAGGRPEQYF,LLFGYCVYV,1
CASRPGLAGGRPEQYF,LLFGLPVYV,1
CASRPGLAGGRPEQYF,LLFGPPVYV,1
CASRPGLAGGRPEQYF,LLFGYPVMV,1
CASRPGLAGGRPEQYF,LLFGMPVYV,1
CASRPGLAGGRPEQYF,LLDGYPVYV,1
CASRPGLAGGRPEQYF,LLFGYYVYV,1
CASRPGLAGGRPEQYF,LLFGYPVVV,1
CASRPGLAGGRPEQYF,LLFGYPPYV,1
CASRPGLAGGRPEQYF,LLFGYPVIV,1
CASRPGLAGGRPEQYF,LLFGYPFYV,1
CASRPGLAGGRPEQYF,LLFGYPVKV,1
CASRPGLAGGRPEQYF,LLFGYPVYD,1
CASRPGLAGGRPEQYF,LLKGYPVYV,1
CASRPGLAGGRPEQYF,LLFGVPVYV,1
CASRPGLAGGRPEQYF,LLFGYPVWV,1
CASRPGLAGGRPEQYF,LLFGYPWYV,1
CASRPGLAGGRPEQYF,PLFGYPVYV,1
CASRPGLAGGRPEQYF,LLEGYPVYV,1
CASRPGLAGGRPEQYF,LLFGRPVYV,1
CASRPGLAGGRPEQYF,LLFGNPVYV,1
CASRPGLAGGRPEQYF,LNFGYPVYV,1
CASRPGLAGGRPEQYF,LLFGYPVYW,1
CASRPGLAGGRPEQYF,LLFGYPVYQ,1
CASRPGLAGGRPEQYF,LLFGYPHYV,1
CASRPGLAGGRPEQYF,LLLGYPVYV,1
CASRPGLAGGRPEQYF,YLFGYPVYV,1
CASRPGLAGGRPEQYF,LLFGAPVYV,1
CASRPGLAGGRPEQYF,LLFGYPVHV,1
CASRPGLAGGRPEQYF,LLFGSPVYV,1
CASRPGLAGGRPEQYF,LEFGYPVYV,1
CASRPGLAGGRPEQYF,LLFGYIVYV,1
CASRPGLAGGRPEQYF,LLFGDPVYV,1
CASRPGLAGGRPEQYF,LLSGYPVYV,1
CASRPGLAGGRPEQYF,LLGGYPVYV,1
CASRPGLAGGRPEQYF,LLFGGPVYV,1
CASRPGLAGGRPEQYF,LLFGHPVYV,1
CASRPGLAGGRPEQYF,LLTGYPVYV,1
CASRPGLAGGRPEQYF,LLFGYLVYV,1
CASRPGLAGGRPEQYF,LLFGYPVYM,1
CASRPGLAGGRPEQYF,LFFGYPVYV,1
CASRPGLAGGRPEQYF,LLFGYPGYV,1
CASRPGLAGGRPEQYF,ELFGYPVYV,1
CASRPGLAGGRPEQYF,LLNGYPVYV,1
CASRPGLAGGRPEQYF,LLFGYPVYL,1
CASRPGLAGGRPEQYF,LLFGYPVFV,1
CASRPGLAGGRPEQYF,LLFGYPIYV,1
CASRPGLAGGRPEQYF,DLFGYPVYV,1
CASRPGLAGGRPEQYF,LLPGYPVYV,1
CASRPGLAGGRPEQYF,LLFGYPMYV,1
CASRPGLAGGRPEQYF,LLFGYTVYV,1
CASRPGLAGGRPEQYF,LLFGYPQYV,1
CASRPGLAGGRPEQYF,LGFGYPVYV,1
CASRPGLAGGRPEQYF,LLFGYPRYV,1
CASRPGLAGGRPEQYF,LAFGYPVYV,1
CASRPGLAGGRPEQYF,LVFGYPVYV,1
CASRPGLAGGRPEQYF,LLFGYPVYG,1
CASRPGLAGGRPEQYF,GLFGYPVYV,1
CASRPGLAGGRPEQYF,VLFGYPVYV,1
CASRPGLAGGRPEQYF,HLFGYPVYV,1
CASRPGLAGGRPEQYF,LLFGYVVYV,1
CASRPGLAGGRPEQYF,LLFGYPVYN,1
CASRPGLAGGRPEQYF,TLFGYPVYV,1
CASRPGLAGGRPEQYF,LIFGYPVYV,1
CASRPGLAGGRPEQYF,LLFGWPVYV,1
CASRPGLAGGRPEQYF,LLAGYPVYV,1
CASRPGLAGGRPEQYF,MLFGYPVYV,1
CASRPGLAGGRPEQYF,LSFGYPVYV,1
CASRPGLAGGRPEQYF,LLFGYPAYV,1
CASRPGLAGGRPEQYF,NLFGYPVYV,1
CASRPGLAGGRPEQYF,LLFGYPSYV,1
CASRPGLAGGRPEQYF,LLFGYPTYV,1
CASRPGLAGGRPEQYF,LLFGYPKYV,1
CASRPGLAGGRPEQYF,ALFGYPVYV,1
CASRPGLAGGRPEQYF,LLQGYPVYV,1
CASRPGLAGGRPEQYF,LLHGYPVYV,1
CASRPGLAGGRPEQYF,LQFGYPVYV,1
CASRPGLAGGRPEQYF,CLFGYPVYV,1
CASRPGLAGGRPEQYF,LLFGYPVYA,1
CASRPGLAGGRPEQYF,QLFGYPVYV,1
CASRPGLAGGRPEQYF,LLFGYPCYV,1
CASRPGLAGGRPEQYF,LLFGYPNYV,1
CASRPGLAGGRPEQYF,LLWGYPVYV,1
CASRPGLAGGRPEQYF,LLFGYPVYT,1
CASRPGLAGGRPEQYF,LLYGYPVYV,1
CASRPGLAGGRPEQYF,LLFGYPVYS,1
CASRPGLAGGRPEQYF,ILFGYPVYV,1
CASRPGLAGGRPEQYF,LTFGYPVYV,1
CASRPGLAGGRPEQYF,LLMGYPVYV,1
CASRPGLAGGRPEQYF,LLFGYPVYI,1
CASRPGLAGGRPEQYF,LLFGYPVYC,1
CASRPGLAGGRPEQYF,FLFGYPVYV,1
CASRPGLAGGRPEQYF,SLFGYPVYV,1
CASRPGLAGGRPEQYF,LMFGYPVYV,1
CASRPGLAGGRPEQYF,LCFGYPVYV,1
CASRPGLAGGRPEQYF,LLFGFPVYV,1
CATAPGLSYEQYF,ALFLGILSV,1
CATAPGLSYEQYF,CLFLGILSV,1
CATAPGLSYEQYF,DLFLGILSV,0
CATAPGLSYEQYF,ELFLGILSV,1
CATAPGLSYEQYF,FLFLGILSV,1
CATAPGLSYEQYF,GLFLGILSV,1
CATAPGLSYEQYF,HLFLGILSV,1
CATAPGLSYEQYF,ILFLGILSV,1
CATAPGLSYEQYF,KLFLGILSV,1
CATAPGLSYEQYF,LLFLGILSV,1
CATAPGLSYEQYF,MLFLGILSV,1
CATAPGLSYEQYF,NLFLGILSV,1
CATAPGLSYEQYF,PLFLGILSV,1
CATAPGLSYEQYF,QLFLGILSV,1
CATAPGLSYEQYF,RLFLGILSV,1
CATAPGLSYEQYF,TLFLGILSV,1
CATAPGLSYEQYF,VLFLGILSV,1
CATAPGLSYEQYF,WLFLGILSV,1
CATAPGLSYEQYF,SAFLGILSV,0
CATAPGLSYEQYF,SCFLGILSV,1
CATAPGLSYEQYF,SDFLGILSV,0
CATAPGLSYEQYF,SEFLGILSV,0
CATAPGLSYEQYF,SFFLGILSV,0
CATAPGLSYEQYF,SGFLGILSV,0
CATAPGLSYEQYF,SHFLGILSV,0
CATAPGLSYEQYF,SIFLGILSV,1
CATAPGLSYEQYF,SKFLGILSV,0
CATAPGLSYEQYF,SMFLGILSV,1
CATAPGLSYEQYF,SNFLGILSV,0
CATAPGLSYEQYF,SPFLGILSV,0
CATAPGLSYEQYF,SQFLGILSV,1
CATAPGLSYEQYF,SRFLGILSV,0
CATAPGLSYEQYF,SSFLGILSV,0
CATAPGLSYEQYF,STFLGILSV,1
CATAPGLSYEQYF,SVFLGILSV,1
CATAPGLSYEQYF,SWFLGILSV,0
CATAPGLSYEQYF,SYFLGILSV,0
CATAPGLSYEQYF,SLALGILSV,0
CATAPGLSYEQYF,SLCLGILSV,0
CATAPGLSYEQYF,SLDLGILSV,0
CATAPGLSYEQYF,SLELGILSV,0
CATAPGLSYEQYF,SLGLGILSV,0
CATAPGLSYEQYF,SLHLGILSV,0
CATAPGLSYEQYF,SLILGILSV,0
CATAPGLSYEQYF,SLKLGILSV,0
CATAPGLSYEQYF,SLLLGILSV,0
CATAPGLSYEQYF,SLMLGILSV,0
CATAPGLSYEQYF,SLNLGILSV,0
CATAPGLSYEQYF,SLPLGILSV,0
CATAPGLSYEQYF,SLQLGILSV,0
CATAPGLSYEQYF,SLRLGILSV,0
CATAPGLSYEQYF,SLSLGILSV,0
CATAPGLSYEQYF,SLTLGILSV,0
CATAPGLSYEQYF,SLVLGILSV,0
CATAPGLSYEQYF,SLWLGILSV,1
CATAPGLSYEQYF,SLYLGILSV,0
CATAPGLSYEQYF,SLFAGILSV,0
CATAPGLSYEQYF,SLFCGILSV,0
CATAPGLSYEQYF,SLFDGILSV,0
CATAPGLSYEQYF,SLFEGILSV,0
CATAPGLSYEQYF,SLFFGILSV,1
CATAPGLSYEQYF,SLFGGILSV,0
CATAPGLSYEQYF,SLFHGILSV,0
CATAPGLSYEQYF,SLFIGILSV,1
CATAPGLSYEQYF,SLFKGILSV,0
CATAPGLSYEQYF,SLFMGILSV,1
CATAPGLSYEQYF,SLFNGILSV,0
CATAPGLSYEQYF,SLFPGILSV,0
CATAPGLSYEQYF,SLFQGILSV,0
CATAPGLSYEQYF,SLFRGILSV,0
CATAPGLSYEQYF,SLFSGILSV,0
CATAPGLSYEQYF,SLFTGILSV,0
CATAPGLSYEQYF,SLFVGILSV,0
CATAPGLSYEQYF,SLFWGILSV,0
CATAPGLSYEQYF,SLFYGILSV,0
CATAPGLSYEQYF,SLFLAILSV,0
CATAPGLSYEQYF,SLFLCILSV,0
CATAPGLSYEQYF,SLFLDILSV,0
CATAPGLSYEQYF,SLFLEILSV,0
CATAPGLSYEQYF,SLFLFILSV,0
CATAPGLSYEQYF,SLFLHILSV,0
CATAPGLSYEQYF,SLFLIILSV,0
CATAPGLSYEQYF,SLFLKILSV,0
CATAPGLSYEQYF,SLFLLILSV,0
CATAPGLSYEQYF,SLFLMILSV,0
CATAPGLSYEQYF,SLFLNILSV,0
CATAPGLSYEQYF,SLFLPILSV,0
CATAPGLSYEQYF,SLFLQILSV,0
CATAPGLSYEQYF,SLFLRILSV,0
CATAPGLSYEQYF,SLFLSILSV,0
CATAPGLSYEQYF,SLFLTILSV,0
CATAPGLSYEQYF,SLFLWILSV,0
CATAPGLSYEQYF,SLFLYILSV,0
CATAPGLSYEQYF,SLFLGALSV,0
CATAPGLSYEQYF,SLFLGCLSV,0
CATAPGLSYEQYF,SLFLGDLSV,0
CATAPGLSYEQYF,SLFLGELSV,0
CATAPGLSYEQYF,SLFLGFLSV,0
CATAPGLSYEQYF,SLFLGGLSV,0
CATAPGLSYEQYF,SLFLGHLSV,0
CATAPGLSYEQYF,SLFLGKLSV,0
CATAPGLSYEQYF,SLFLGLLSV,0
CATAPGLSYEQYF,SLFLGMLSV,0
CATAPGLSYEQYF,SLFLGNLSV,0
CATAPGLSYEQYF,SLFLGPLSV,0
CATAPGLSYEQYF,SLFLGQLSV,0
CATAPGLSYEQYF,SLFLGRLSV,0
CATAPGLSYEQYF,SLFLGSLSV,0
CATAPGLSYEQYF,SLFLGTLSV,0
CATAPGLSYEQYF,SLFLGVLSV,1
CATAPGLSYEQYF,SLFLGYLSV,0
CATAPGLSYEQYF,SLFLGIASV,0
CATAPGLSYEQYF,SLFLGICSV,0
CATAPGLSYEQYF,SLFLGIDSV,0
CATAPGLSYEQYF,SLFLGIESV,0
CATAPGLSYEQYF,SLFLGIFSV,0
CATAPGLSYEQYF,SLFLGIGSV,0
CATAPGLSYEQYF,SLFLGIHSV,0
CATAPGLSYEQYF,SLFLGIISV,1
CATAPGLSYEQYF,SLFLGIKSV,0
CATAPGLSYEQYF,SLFLGIMSV,1
CATAPGLSYEQYF,SLFLGINSV,0
CATAPGLSYEQYF,SLFLGIPSV,0
CATAPGLSYEQYF,SLFLGIQSV,0
CATAPGLSYEQYF,SLFLGIRSV,0
CATAPGLSYEQYF,SLFLGISSV,0
CATAPGLSYEQYF,SLFLGITSV,1
CATAPGLSYEQYF,SLFLGIVSV,1
CATAPGLSYEQYF,SLFLGIWSV,0
CATAPGLSYEQYF,SLFLGIYSV,0
CATAPGLSYEQYF,SLFLGILAV,1
CATAPGLSYEQYF,SLFLGILCV,0
CATAPGLSYEQYF,SLFLGILDV,0
CATAPGLSYEQYF,SLFLGILEV,0
CATAPGLSYEQYF,SLFLGILFV,0
CATAPGLSYEQYF,SLFLGILGV,1
CATAPGLSYEQYF,SLFLGILHV,0
CATAPGLSYEQYF,SLFLGILIV,0
CATAPGLSYEQYF,SLFLGILKV,0
CATAPGLSYEQYF,SLFLGILLV,0
CATAPGLSYEQYF,SLFLGILMV,0
CATAPGLSYEQYF,SLFLGILNV,0
CATAPGLSYEQYF,SLFLGILPV,1
CATAPGLSYEQYF,SLFLGILQV,0
CATAPGLSYEQYF,SLFLGILRV,0
CATAPGLSYEQYF,SLFLGILTV,1
CATAPGLSYEQYF,SLFLGILVV,0
CATAPGLSYEQYF,SLFLGILWV,0
CATAPGLSYEQYF,SLFLGILYV,0
CATAPGLSYEQYF,SLFLGILSA,1
CATAPGLSYEQYF,SLFLGILSC,1
CATAPGLSYEQYF,SLFLGILSD,0
CATAPGLSYEQYF,SLFLGILSE,0
CATAPGLSYEQYF,SLFLGILSF,0
CATAPGLSYEQYF,SLFLGILSG,0
CATAPGLSYEQYF,SLFLGILSH,0
CATAPGLSYEQYF,SLFLGILSI,1
CATAPGLSYEQYF,SLFLGILSK,0
CATAPGLSYEQYF,SLFLGILSL,1
CATAPGLSYEQYF,SLFLGILSM,0
CATAPGLSYEQYF,SLFLGILSN,0
CATAPGLSYEQYF,SLFLGILSP,0
CATAPGLSYEQYF,SLFLGILSQ,0
CATAPGLSYEQYF,SLFLGILSR,0
CATAPGLSYEQYF,SLFLGILSS,0
CATAPGLSYEQYF,SLFLGILST,1
CATAPGLSYEQYF,SLFLGILSW,0
CATAPGLSYEQYF,SLFLGILSY,0
CATAPGLSYEQYF,SLFLGILSV,1
CASSDAGTSQNTLYF,FMNKFIYEI,1
CASSDAGTSQNTLYF,AMNKFIYEI,1
CASSDAGTSQNTLYF,CMNKFIYEI,1
CASSDAGTSQNTLYF,DMNKFIYEI,0
CASSDAGTSQNTLYF,EMNKFIYEI,0
CASSDAGTSQNTLYF,GMNKFIYEI,1
CASSDAGTSQNTLYF,HMNKFIYEI,1
CASSDAGTSQNTLYF,IMNKFIYEI,1
CASSDAGTSQNTLYF,KMNKFIYEI,1
CASSDAGTSQNTLYF,LMNKFIYEI,1
CASSDAGTSQNTLYF,MMNKFIYEI,1
CASSDAGTSQNTLYF,NMNKFIYEI,1
CASSDAGTSQNTLYF,PMNKFIYEI,1
CASSDAGTSQNTLYF,QMNKFIYEI,1
CASSDAGTSQNTLYF,RMNKFIYEI,1
CASSDAGTSQNTLYF,SMNKFIYEI,1
CASSDAGTSQNTLYF,TMNKFIYEI,1
CASSDAGTSQNTLYF,VMNKFIYEI,1
CASSDAGTSQNTLYF,WMNKFIYEI,1
CASSDAGTSQNTLYF,YMNKFIYEI,1
CASSDAGTSQNTLYF,FANKFIYEI,1
CASSDAGTSQNTLYF,FCNKFIYEI,0
CASSDAGTSQNTLYF,FDNKFIYEI,0
CASSDAGTSQNTLYF,FENKFIYEI,0
CASSDAGTSQNTLYF,FFNKFIYEI,0
CASSDAGTSQNTLYF,FGNKFIYEI,0
CASSDAGTSQNTLYF,FHNKFIYEI,0
CASSDAGTSQNTLYF,FINKFIYEI,1
CASSDAGTSQNTLYF,FKNKFIYEI,0
CASSDAGTSQNTLYF,FLNKFIYEI,1
CASSDAGTSQNTLYF,FNNKFIYEI,0
CASSDAGTSQNTLYF,FPNKFIYEI,0
CASSDAGTSQNTLYF,FQNKFIYEI,1
CASSDAGTSQNTLYF,FRNKFIYEI,0
CASSDAGTSQNTLYF,FSNKFIYEI,0
CASSDAGTSQNTLYF,FTNKFIYEI,1
CASSDAGTSQNTLYF,FVNKFIYEI,1
CASSDAGTSQNTLYF,FWNKFIYEI,0
CASSDAGTSQNTLYF,FYNKFIYEI,0
CASSDAGTSQNTLYF,FMAKFIYEI,0
CASSDAGTSQNTLYF,FMCKFIYEI,0
CASSDAGTSQNTLYF,FMDKFIYEI,0
CASSDAGTSQNTLYF,FMEKFIYEI,1
CASSDAGTSQNTLYF,FMFKFIYEI,0
CASSDAGTSQNTLYF,FMGKFIYEI,0
CASSDAGTSQNTLYF,FMHKFIYEI,0
CASSDAGTSQNTLYF,FMIKFIYEI,0
CASSDAGTSQNTLYF,FMKKFIYEI,1
CASSDAGTSQNTLYF,FMLKFIYEI,0
CASSDAGTSQNTLYF,FMMKFIYEI,0
CASSDAGTSQNTLYF,FMPKFIYEI,0
CASSDAGTSQNTLYF,FMQKFIYEI,0
CASSDAGTSQNTLYF,FMRKFIYEI,0
CASSDAGTSQNTLYF,FMSKFIYEI,0
CASSDAGTSQNTLYF,FMTKFIYEI,0
CASSDAGTSQNTLYF,FMVKFIYEI,0
CASSDAGTSQNTLYF,FMWKFIYEI,0
CASSDAGTSQNTLYF,FMYKFIYEI,0
CASSDAGTSQNTLYF,FMNAFIYEI,0
CASSDAGTSQNTLYF,FMNCFIYEI,0
CASSDAGTSQNTLYF,FMNDFIYEI,0
CASSDAGTSQNTLYF,FMNEFIYEI,0
CASSDAGTSQNTLYF,FMNFFIYEI,0
CASSDAGTSQNTLYF,FMNGFIYEI,0
CASSDAGTSQNTLYF,FMNHFIYEI,0
CASSDAGTSQNTLYF,FMNIFIYEI,0
CASSDAGTSQNTLYF,FMNLFIYEI,0
CASSDAGTSQNTLYF,FMNMFIYEI,0
CASSDAGTSQNTLYF,FMNNFIYEI,0
CASSDAGTSQNTLYF,FMNPFIYEI,0
CASSDAGTSQNTLYF,FMNQFIYEI,0
CASSDAGTSQNTLYF,FMNRFIYEI,0
CASSDAGTSQNTLYF,FMNSFIYEI,0
CASSDAGTSQNTLYF,FMNTFIYEI,0
CASSDAGTSQNTLYF,FMNVFIYEI,0
CASSDAGTSQNTLYF,FMNWFIYEI,0
CASSDAGTSQNTLYF,FMNYFIYEI,0
CASSDAGTSQNTLYF,FMNKAIYEI,0
CASSDAGTSQNTLYF,FMNKCIYEI,0
CASSDAGTSQNTLYF,FMNKDIYEI,0
CASSDAGTSQNTLYF,FMNKEIYEI,0
CASSDAGTSQNTLYF,FMNKGIYEI,0
CASSDAGTSQNTLYF,FMNKHIYEI,0
CASSDAGTSQNTLYF,FMNKIIYEI,0
CASSDAGTSQNTLYF,FMNKKIYEI,0
CASSDAGTSQNTLYF,FMNKLIYEI,0
CASSDAGTSQNTLYF,FMNKMIYEI,0
CASSDAGTSQNTLYF,FMNKNIYEI,0
CASSDAGTSQNTLYF,FMNKPIYEI,0
CASSDAGTSQNTLYF,FMNKQIYEI,0
CASSDAGTSQNTLYF,FMNKRIYEI,0
CASSDAGTSQNTLYF,FMNKSIYEI,0
CASSDAGTSQNTLYF,FMNKTIYEI,0
CASSDAGTSQNTLYF,FMNKVIYEI,0
CASSDAGTSQNTLYF,FMNKWIYEI,0
CASSDAGTSQNTLYF,FMNKYIYEI,0
CASSDAGTSQNTLYF,FMNKFAYEI,1
CASSDAGTSQNTLYF,FMNKFCYEI,1
CASSDAGTSQNTLYF,FMNKFDYEI,0
CASSDAGTSQNTLYF,FMNKFEYEI,0
CASSDAGTSQNTLYF,FMNKFFYEI,1
CASSDAGTSQNTLYF,FMNKFGYEI,1
CASSDAGTSQNTLYF,FMNKFHYEI,1
CASSDAGTSQNTLYF,FMNKFKYEI,0
CASSDAGTSQNTLYF,FMNKFLYEI,1
CASSDAGTSQNTLYF,FMNKFMYEI,1
CASSDAGTSQNTLYF,FMNKFNYEI,1
CASSDAGTSQNTLYF,FMNKFPYEI,1
CASSDAGTSQNTLYF,FMNKFQYEI,0
CASSDAGTSQNTLYF,FMNKFRYEI,1
CASSDAGTSQNTLYF,FMNKFSYEI,1
CASSDAGTSQNTLYF,FMNKFTYEI,1
CASSDAGTSQNTLYF,FMNKFVYEI,1
CASSDAGTSQNTLYF,FMNKFWYEI,1
CASSDAGTSQNTLYF,FMNKFYYEI,1
CASSDAGTSQNTLYF,FMNKFIAEI,1
CASSDAGTSQNTLYF,FMNKFICEI,0
CASSDAGTSQNTLYF,FMNKFIDEI,0
CASSDAGTSQNTLYF,FMNKFIEEI,1
CASSDAGTSQNTLYF,FMNKFIFEI,1
CASSDAGTSQNTLYF,FMNKFIGEI,1
CASSDAGTSQNTLYF,FMNKFIHEI,0
CASSDAGTSQNTLYF,FMNKFIIEI,0
CASSDAGTSQNTLYF,FMNKFIKEI,0
CASSDAGTSQNTLYF,FMNKFILEI,0
CASSDAGTSQNTLYF,FMNKFIMEI,0
CASSDAGTSQNTLYF,FMNKFINEI,0
CASSDAGTSQNTLYF,FMNKFIPEI,1
CASSDAGTSQNTLYF,FMNKFIQEI,1
CASSDAGTSQNTLYF,FMNKFIREI,0
CASSDAGTSQNTLYF,FMNKFISEI,0
CASSDAGTSQNTLYF,FMNKFITEI,0
CASSDAGTSQNTLYF,FMNKFIVEI,0
CASSDAGTSQNTLYF,FMNKFIWEI,0
CASSDAGTSQNTLYF,FMNKFIYAI,0
CASSDAGTSQNTLYF,FMNKFIYCI,0
CASSDAGTSQNTLYF,FMNKFIYDI,1
CASSDAGTSQNTLYF,FMNKFIYFI,0
CASSDAGTSQNTLYF,FMNKFIYGI,0
CASSDAGTSQNTLYF,FMNKFIYHI,0
CASSDAGTSQNTLYF,FMNKFIYII,0
CASSDAGTSQNTLYF,FMNKFIYKI,0
CASSDAGTSQNTLYF,FMNKFIYLI,0
CASSDAGTSQNTLYF,FMNKFIYMI,0
CASSDAGTSQNTLYF,FMNKFIYNI,0
CASSDAGTSQNTLYF,FMNKFIYPI,0
CASSDAGTSQNTLYF,FMNKFIYQI,1
CASSDAGTSQNTLYF,FMNKFIYRI,0
CASSDAGTSQNTLYF,FMNKFIYSI,0
CASSDAGTSQNTLYF,FMNKFIYTI,0
CASSDAGTSQNTLYF,FMNKFIYVI,0
CASSDAGTSQNTLYF,FMNKFIYWI,0
CASSDAGTSQNTLYF,FMNKFIYYI,0
CASSDAGTSQNTLYF,FMNKFIYEA,1
CASSDAGTSQNTLYF,FMNKFIYEC,1
CASSDAGTSQNTLYF,FMNKFIYED,0
CASSDAGTSQNTLYF,FMNKFIYEE,0
CASSDAGTSQNTLYF,FMNKFIYEF,1
CASSDAGTSQNTLYF,FMNKFIYEG,1
CASSDAGTSQNTLYF,FMNKFIYEH,0
CASSDAGTSQNTLYF,FMNKFIYEK,0
CASSDAGTSQNTLYF,FMNKFIYEL,1
CASSDAGTSQNTLYF,FMNKFIYEM,1
CASSDAGTSQNTLYF,FMNKFIYEN,0
CASSDAGTSQNTLYF,FMNKFIYEP,0
CASSDAGTSQNTLYF,FMNKFIYEQ,0
CASSDAGTSQNTLYF,FMNKFIYER,0
CASSDAGTSQNTLYF,FMNKFIYES,1
CASSDAGTSQNTLYF,FMNKFIYET,1
CASSDAGTSQNTLYF,FMNKFIYEV,1
CASSDAGTSQNTLYF,FMNKFIYEW,0
CASSDAGTSQNTLYF,FMNKFIYEY,0
CASSPNMADEQYF,GVDPIGHLY,0
CASSPNMADEQYF,AVDPIGHLY,0
CASSPNMADEQYF,VVDPIGHLY,0
CASSPNMADEQYF,LVDPIGHLY,0
CASSPNMADEQYF,MVDPIGHLY,0
CASSPNMADEQYF,IVDPIGHLY,0
CASSPNMADEQYF,FVDPIGHLY,0
CASSPNMADEQYF,YVDPIGHLY,0
CASSPNMADEQYF,WVDPIGHLY,0
CASSPNMADEQYF,SVDPIGHLY,1
CASSPNMADEQYF,TVDPIGHLY,0
CASSPNMADEQYF,CVDPIGHLY,0
CASSPNMADEQYF,PVDPIGHLY,0
CASSPNMADEQYF,NVDPIGHLY,0
CASSPNMADEQYF,QVDPIGHLY,0
CASSPNMADEQYF,KVDPIGHLY,0
CASSPNMADEQYF,RVDPIGHLY,0
CASSPNMADEQYF,HVDPIGHLY,0
CASSPNMADEQYF,DVDPIGHLY,0
CASSPNMADEQYF,EVDPIGHLY,1
CASSPNMADEQYF,EGDPIGHLY,1
CASSPNMADEQYF,EADPIGHLY,1
CASSPNMADEQYF,ELDPIGHLY,1
CASSPNMADEQYF,EMDPIGHLY,1
CASSPNMADEQYF,EIDPIGHLY,1
CASSPNMADEQYF,EFDPIGHLY,0
CASSPNMADEQYF,EYDPIGHLY,0
CASSPNMADEQYF,EWDPIGHLY,0
CASSPNMADEQYF,ESDPIGHLY,1
CASSPNMADEQYF,ETDPIGHLY,1
CASSPNMADEQYF,ECDPIGHLY,1
CASSPNMADEQYF,EPDPIGHLY,0
CASSPNMADEQYF,ENDPIGHLY,0
CASSPNMADEQYF,EQDPIGHLY,1
CASSPNMADEQYF,EKDPIGHLY,0
CASSPNMADEQYF,ERDPIGHLY,0
CASSPNMADEQYF,EHDPIGHLY,0
CASSPNMADEQYF,EDDPIGHLY,0
CASSPNMADEQYF,EEDPIGHLY,0
CASSPNMADEQYF,EVGPIGHLY,0
CASSPNMADEQYF,EVAPIGHLY,0
CASSPNMADEQYF,EVVPIGHLY,0
CASSPNMADEQYF,EVLPIGHLY,0
CASSPNMADEQYF,EVMPIGHLY,0
CASSPNMADEQYF,EVIPIGHLY,0
CASSPNMADEQYF,EVFPIGHLY,0
CASSPNMADEQYF,EVYPIGHLY,0
CASSPNMADEQYF,EVWPIGHLY,0
CASSPNMADEQYF,EVSPIGHLY,0
CASSPNMADEQYF,EVTPIGHLY,0
CASSPNMADEQYF,EVCPIGHLY,0
CASSPNMADEQYF,EVPPIGHLY,0
CASSPNMADEQYF,EVNPIGHLY,0
CASSPNMADEQYF,EVQPIGHLY,0
CASSPNMADEQYF,EVKPIGHLY,0
CASSPNMADEQYF,EVRPIGHLY,1
CASSPNMADEQYF,EVHPIGHLY,0
CASSPNMADEQYF,EVEPIGHLY,0
CASSPNMADEQYF,EVDGIGHLY,0
CASSPNMADEQYF,EVDAIGHLY,0
CASSPNMADEQYF,EVDVIGHLY,0
CASSPNMADEQYF,EVDLIGHLY,0
CASSPNMADEQYF,EVDMIGHLY,0
CASSPNMADEQYF,EVDIIGHLY,0
CASSPNMADEQYF,EVDFIGHLY,0
CASSPNMADEQYF,EVDYIGHLY,0
CASSPNMADEQYF,EVDWIGHLY,1
CASSPNMADEQYF,EVDSIGHLY,0
CASSPNMADEQYF,EVDTIGHLY,0
CASSPNMADEQYF,EVDCIGHLY,0
CASSPNMADEQYF,EVDNIGHLY,0
CASSPNMADEQYF,EVDQIGHLY,0
CASSPNMADEQYF,EVDKIGHLY,0
CASSPNMADEQYF,EVDRIGHLY,0
CASSPNMADEQYF,EVDHIGHLY,0
CASSPNMADEQYF,EVDDIGHLY,0
CASSPNMADEQYF,EVDEIGHLY,0
CASSPNMADEQYF,EVDPGGHLY,0
CASSPNMADEQYF,EVDPAGHLY,0
CASSPNMADEQYF,EVDPVGHLY,1
CASSPNMADEQYF,EVDPLGHLY,1
CASSPNMADEQYF,EVDPMGHLY,1
CASSPNMADEQYF,EVDPFGHLY,0
CASSPNMADEQYF,EVDPYGHLY,0
CASSPNMADEQYF,EVDPWGHLY,0
CASSPNMADEQYF,EVDPSGHLY,0
CASSPNMADEQYF,EVDPTGHLY,0
CASSPNMADEQYF,EVDPCGHLY,0
CASSPNMADEQYF,EVDPPGHLY,0
CASSPNMADEQYF,EVDPNGHLY,0
CASSPNMADEQYF,EVDPQGHLY,0
CASSPNMADEQYF,EVDPKGHLY,0
CASSPNMADEQYF,EVDPRGHLY,0
CASSPNMADEQYF,EVDPHGHLY,0
CASSPNMADEQYF,EVDPDGHLY,0
CASSPNMADEQYF,EVDPEGHLY,0
CASSPNMADEQYF,EVDPIAHLY,1
CASSPNMADEQYF,EVDPIVHLY,1
CASSPNMADEQYF,EVDPILHLY,1
CASSPNMADEQYF,EVDPIMHLY,1
CASSPNMADEQYF,EVDPIIHLY,1
CASSPNMADEQYF,EVDPIFHLY,1
CASSPNMADEQYF,EVDPIYHLY,1
CASSPNMADEQYF,EVDPIWHLY,1
CASSPNMADEQYF,EVDPISHLY,1
CASSPNMADEQYF,EVDPITHLY,1
CASSPNMADEQYF,EVDPICHLY,1
CASSPNMADEQYF,EVDPIPHLY,1
CASSPNMADEQYF,EVDPINHLY,1
CASSPNMADEQYF,EVDPIQHLY,1
CASSPNMADEQYF,EVDPIKHLY,0
CASSPNMADEQYF,EVDPIRHLY,1
CASSPNMADEQYF,EVDPIHHLY,1
CASSPNMADEQYF,EVDPIDHLY,1
CASSPNMADEQYF,EVDPIEHLY,1
CASSPNMADEQYF,EVDPIGGLY,1
CASSPNMADEQYF,EVDPIGALY,1
CASSPNMADEQYF,EVDPIGVLY,1
CASSPNMADEQYF,EVDPIGLLY,1
CASSPNMADEQYF,EVDPIGMLY,1
CASSPNMADEQYF,EVDPIGILY,1
CASSPNMADEQYF,EVDPIGFLY,1
CASSPNMADEQYF,EVDPIGYLY,1
CASSPNMADEQYF,EVDPIGWLY,1
CASSPNMADEQYF,EVDPIGSLY,1
CASSPNMADEQYF,EVDPIGTLY,1
CASSPNMADEQYF,EVDPIGCLY,1
CASSPNMADEQYF,EVDPIGPLY,1
CASSPNMADEQYF,EVDPIGNLY,1
CASSPNMADEQYF,EVDPIGQLY,1
CASSPNMADEQYF,EVDPIGKLY,0
CASSPNMADEQYF,EVDPIGRLY,1
CASSPNMADEQYF,EVDPIGDLY,1
CASSPNMADEQYF,EVDPIGELY,1
CASSPNMADEQYF,EVDPIGHGY,1
CASSPNMADEQYF,EVDPIGHAY,1
CASSPNMADEQYF,EVDPIGHVY,1
CASSPNMADEQYF,EVDPIGHMY,1
CASSPNMADEQYF,EVDPIGHIY,1
CASSPNMADEQYF,EVDPIGHFY,1
CASSPNMADEQYF,EVDPIGHYY,1
CASSPNMADEQYF,EVDPIGHWY,1
CASSPNMADEQYF,EVDPIGHSY,1
CASSPNMADEQYF,EVDPIGHTY,1
CASSPNMADEQYF,EVDPIGHCY,1
CASSPNMADEQYF,EVDPIGHPY,1
CASSPNMADEQYF,EVDPIGHNY,1
CASSPNMADEQYF,EVDPIGHQY,1
CASSPNMADEQYF,EVDPIGHKY,1
CASSPNMADEQYF,EVDPIGHRY,1
CASSPNMADEQYF,EVDPIGHHY,1
CASSPNMADEQYF,EVDPIGHDY,1
CASSPNMADEQYF,EVDPIGHEY,1
CASSPNMADEQYF,EVDPIGHLG,1
CASSPNMADEQYF,EVDPIGHLA,1
CASSPNMADEQYF,EVDPIGHLV,1
CASSPNMADEQYF,EVDPIGHLL,1
CASSPNMADEQYF,EVDPIGHLM,1
CASSPNMADEQYF,EVDPIGHLI,1
CASSPNMADEQYF,EVDPIGHLF,1
CASSPNMADEQYF,EVDPIGHLW,1
CASSPNMADEQYF,EVDPIGHLS,1
CASSPNMADEQYF,EVDPIGHLT,1
CASSPNMADEQYF,EVDPIGHLC,1
CASSPNMADEQYF,EVDPIGHLP,1
CASSPNMADEQYF,EVDPIGHLN,1
CASSPNMADEQYF,EVDPIGHLQ,1
CASSPNMADEQYF,EVDPIGHLK,0
CASSPNMADEQYF,EVDPIGHLR,1
CASSPNMADEQYF,EVDPIGHLH,1
CASSPNMADEQYF,EVDPIGHLD,1
CASSPNMADEQYF,EVDPIGHLE,1
CAISPTEEGGLIFPGNTIYF,AMDGTMSQV,1
CAISPTEEGGLIFPGNTIYF,CMDGTMSQV,1
CAISPTEEGGLIFPGNTIYF,DMDGTMSQV,1
CAISPTEEGGLIFPGNTIYF,EMDGTMSQV,1
CAISPTEEGGLIFPGNTIYF,FMDGTMSQV,1
CAISPTEEGGLIFPGNTIYF,GMDGTMSQV,1
CAISPTEEGGLIFPGNTIYF,HMDGTMSQV,1
CAISPTEEGGLIFPGNTIYF,IMDGTMSQV,1
CAISPTEEGGLIFPGNTIYF,KMDGTMSQV,1
CAISPTEEGGLIFPGNTIYF,LMDGTMSQV,1
CAISPTEEGGLIFPGNTIYF,MMDGTMSQV,1
CAISPTEEGGLIFPGNTIYF,NMDGTMSQV,1
CAISPTEEGGLIFPGNTIYF,PMDGTMSQV,1
CAISPTEEGGLIFPGNTIYF,QMDGTMSQV,1
CAISPTEEGGLIFPGNTIYF,RMDGTMSQV,1
CAISPTEEGGLIFPGNTIYF,SMDGTMSQV,1
CAISPTEEGGLIFPGNTIYF,TMDGTMSQV,1
CAISPTEEGGLIFPGNTIYF,VMDGTMSQV,1
CAISPTEEGGLIFPGNTIYF,WMDGTMSQV,1
CAISPTEEGGLIFPGNTIYF,YMDGTMSQV,1
CAISPTEEGGLIFPGNTIYF,YMAGTMSQV,1
CAISPTEEGGLIFPGNTIYF,YMCGTMSQV,1
CAISPTEEGGLIFPGNTIYF,YMEGTMSQV,1
CAISPTEEGGLIFPGNTIYF,YMFGTMSQV,0
CAISPTEEGGLIFPGNTIYF,YMGGTMSQV,1
CAISPTEEGGLIFPGNTIYF,YMHGTMSQV,0
CAISPTEEGGLIFPGNTIYF,YMIGTMSQV,0
CAISPTEEGGLIFPGNTIYF,YMKGTMSQV,0
CAISPTEEGGLIFPGNTIYF,YMLGTMSQV,1
CAISPTEEGGLIFPGNTIYF,YMMGTMSQV,1
CAISPTEEGGLIFPGNTIYF,YMNGTMSQV,1
CAISPTEEGGLIFPGNTIYF,YMPGTMSQV,1
CAISPTEEGGLIFPGNTIYF,YMQGTMSQV,1
CAISPTEEGGLIFPGNTIYF,YMRGTMSQV,0
CAISPTEEGGLIFPGNTIYF,YMSGTMSQV,1
CAISPTEEGGLIFPGNTIYF,YMTGTMSQV,1
CAISPTEEGGLIFPGNTIYF,YMVGTMSQV,0
CAISPTEEGGLIFPGNTIYF,YMWGTMSQV,0
CAISPTEEGGLIFPGNTIYF,YMYGTMSQV,0
CAISPTEEGGLIFPGNTIYF,YMDATMSQV,1
CAISPTEEGGLIFPGNTIYF,YMDCTMSQV,1
CAISPTEEGGLIFPGNTIYF,YMDDTMSQV,0
CAISPTEEGGLIFPGNTIYF,YMDETMSQV,0
CAISPTEEGGLIFPGNTIYF,YMDFTMSQV,1
CAISPTEEGGLIFPGNTIYF,YMDHTMSQV,1
CAISPTEEGGLIFPGNTIYF,YMDITMSQV,1
CAISPTEEGGLIFPGNTIYF,YMDKTMSQV,0
CAISPTEEGGLIFPGNTIYF,YMDLTMSQV,0
CAISPTEEGGLIFPGNTIYF,YMDMTMSQV,1
CAISPTEEGGLIFPGNTIYF,YMDNTMSQV,0
CAISPTEEGGLIFPGNTIYF,YMDPTMSQV,1
CAISPTEEGGLIFPGNTIYF,YMDQTMSQV,0
CAISPTEEGGLIFPGNTIYF,YMDRTMSQV,0
CAISPTEEGGLIFPGNTIYF,YMDSTMSQV,1
CAISPTEEGGLIFPGNTIYF,YMDTTMSQV,0
CAISPTEEGGLIFPGNTIYF,YMDVTMSQV,1
CAISPTEEGGLIFPGNTIYF,YMDWTMSQV,1
CAISPTEEGGLIFPGNTIYF,YMDYTMSQV,1
CAISPTEEGGLIFPGNTIYF,YMDGAMSQV,1
CAISPTEEGGLIFPGNTIYF,YMDGCMSQV,1
CAISPTEEGGLIFPGNTIYF,YMDGDMSQV,0
CAISPTEEGGLIFPGNTIYF,YMDGEMSQV,0
CAISPTEEGGLIFPGNTIYF,YMDGFMSQV,0
CAISPTEEGGLIFPGNTIYF,YMDGGMSQV,1
CAISPTEEGGLIFPGNTIYF,YMDGHMSQV,1
CAISPTEEGGLIFPGNTIYF,YMDGIMSQV,1
CAISPTEEGGLIFPGNTIYF,YMDGKMSQV,0
CAISPTEEGGLIFPGNTIYF,YMDGLMSQV,1
CAISPTEEGGLIFPGNTIYF,YMDGMMSQV,1
CAISPTEEGGLIFPGNTIYF,YMDGNMSQV,0
CAISPTEEGGLIFPGNTIYF,YMDGPMSQV,0
CAISPTEEGGLIFPGNTIYF,YMDGQMSQV,0
CAISPTEEGGLIFPGNTIYF,YMDGRMSQV,0
CAISPTEEGGLIFPGNTIYF,YMDGSMSQV,0
CAISPTEEGGLIFPGNTIYF,YMDGVMSQV,1
CAISPTEEGGLIFPGNTIYF,YMDGWMSQV,0
CAISPTEEGGLIFPGNTIYF,YMDGYMSQV,0
CAISPTEEGGLIFPGNTIYF,YMDGTASQV,0
CAISPTEEGGLIFPGNTIYF,YMDGTCSQV,1
CAISPTEEGGLIFPGNTIYF,YMDGTDSQV,1
CAISPTEEGGLIFPGNTIYF,YMDGTESQV,0
CAISPTEEGGLIFPGNTIYF,YMDGTFSQV,0
CAISPTEEGGLIFPGNTIYF,YMDGTGSQV,0
CAISPTEEGGLIFPGNTIYF,YMDGTHSQV,0
CAISPTEEGGLIFPGNTIYF,YMDGTISQV,0
CAISPTEEGGLIFPGNTIYF,YMDGTKSQV,0
CAISPTEEGGLIFPGNTIYF,YMDGTLSQV,1
CAISPTEEGGLIFPGNTIYF,YMDGTNSQV,0
CAISPTEEGGLIFPGNTIYF,YMDGTPSQV,0
CAISPTEEGGLIFPGNTIYF,YMDGTQSQV,1
CAISPTEEGGLIFPGNTIYF,YMDGTRSQV,0
CAISPTEEGGLIFPGNTIYF,YMDGTSSQV,0
CAISPTEEGGLIFPGNTIYF,YMDGTTSQV,0
CAISPTEEGGLIFPGNTIYF,YMDGTVSQV,0
CAISPTEEGGLIFPGNTIYF,YMDGTWSQV,0
CAISPTEEGGLIFPGNTIYF,YMDGTYSQV,0
CAISPTEEGGLIFPGNTIYF,YMDGTMAQV,1
CAISPTEEGGLIFPGNTIYF,YMDGTMCQV,1
CAISPTEEGGLIFPGNTIYF,YMDGTMDQV,1
CAISPTEEGGLIFPGNTIYF,YMDGTMEQV,1
CAISPTEEGGLIFPGNTIYF,YMDGTMFQV,1
CAISPTEEGGLIFPGNTIYF,YMDGTMGQV,1
CAISPTEEGGLIFPGNTIYF,YMDGTMHQV,1
CAISPTEEGGLIFPGNTIYF,YMDGTMIQV,1
CAISPTEEGGLIFPGNTIYF,YMDGTMKQV,1
CAISPTEEGGLIFPGNTIYF,YMDGTMLQV,1
CAISPTEEGGLIFPGNTIYF,YMDGTMMQV,1
CAISPTEEGGLIFPGNTIYF,YMDGTMNQV,1
CAISPTEEGGLIFPGNTIYF,YMDGTMPQV,1
CAISPTEEGGLIFPGNTIYF,YMDGTMQQV,1
CAISPTEEGGLIFPGNTIYF,YMDGTMRQV,0
CAISPTEEGGLIFPGNTIYF,YMDGTMTQV,1
CAISPTEEGGLIFPGNTIYF,YMDGTMVQV,1
CAISPTEEGGLIFPGNTIYF,YMDGTMWQV,0
CAISPTEEGGLIFPGNTIYF,YMDGTMYQV,1
CAISPTEEGGLIFPGNTIYF,YMDGTMSAV,1
CAISPTEEGGLIFPGNTIYF,YMDGTMSCV,1
CAISPTEEGGLIFPGNTIYF,YMDGTMSDV,0
CAISPTEEGGLIFPGNTIYF,YMDGTMSEV,1
CAISPTEEGGLIFPGNTIYF,YMDGTMSFV,1
CAISPTEEGGLIFPGNTIYF,YMDGTMSGV,1
CAISPTEEGGLIFPGNTIYF,YMDGTMSHV,1
CAISPTEEGGLIFPGNTIYF,YMDGTMSIV,1
CAISPTEEGGLIFPGNTIYF,YMDGTMSKV,1
CAISPTEEGGLIFPGNTIYF,YMDGTMSLV,1
CAISPTEEGGLIFPGNTIYF,YMDGTMSMV,1
CAISPTEEGGLIFPGNTIYF,YMDGTMSNV,1
CAISPTEEGGLIFPGNTIYF,YMDGTMSPV,0
CAISPTEEGGLIFPGNTIYF,YMDGTMSRV,1
CAISPTEEGGLIFPGNTIYF,YMDGTMSSV,1
CAISPTEEGGLIFPGNTIYF,YMDGTMSTV,1
CAISPTEEGGLIFPGNTIYF,YMDGTMSVV,1
CAISPTEEGGLIFPGNTIYF,YMDGTMSWV,0
CAISPTEEGGLIFPGNTIYF,YMDGTMSYV,1
CASSLTSFYEQYF,VPSVWRSSL,1
CASSLTSFYEQYF,RPSVWRSSL,1
CASSLTSFYEQYF,APSVWRSSL,1
CASSLTSFYEQYF,SPSVWRSSL,1
CASSLTSFYEQYF,KPSVWRSSL,1
CASSLTSFYEQYF,HPSVWRSSL,1
CASSLTSFYEQYF,YPSVWRSSL,1
CASSLTSFYEQYF,TPSVWRSSL,1
CASSLTSFYEQYF,MPSVWRSSL,1
CASSLTSFYEQYF,GPSVWRSSL,1
CASSLTSFYEQYF,QPSVWRSSL,1
CASSLTSFYEQYF,IPSVWRSSL,1
CASSLTSFYEQYF,LPSVWRSSL,1
CASSLTSFYEQYF,FPSVWRSSL,1
CASSLTSFYEQYF,NPSVWRSSL,1
CASSLTSFYEQYF,WPSVWRSSL,1
CASSLTSFYEQYF,CPSVWRSSL,1
CASSLTSFYEQYF,EPSVWRSSL,1
CASSLTSFYEQYF,VPRVWRSSL,0
CASSLTSFYEQYF,VPAVWRSSL,0
CASSLTSFYEQYF,VPHVWRSSL,0
CASSLTSFYEQYF,VPNVWRSSL,1
CASSLTSFYEQYF,VPMVWRSSL,0
CASSLTSFYEQYF,VPQVWRSSL,0
CASSLTSFYEQYF,VPYVWRSSL,0
CASSLTSFYEQYF,VPKVWRSSL,1
CASSLTSFYEQYF,VPTVWRSSL,1
CASSLTSFYEQYF,VPIVWRSSL,1
CASSLTSFYEQYF,VPDVWRSSL,1
CASSLTSFYEQYF,VPVVWRSSL,1
CASSLTSFYEQYF,VPFVWRSSL,0
CASSLTSFYEQYF,VPLVWRSSL,0
CASSLTSFYEQYF,VPGVWRSSL,1
CASSLTSFYEQYF,VPEVWRSSL,1
CASSLTSFYEQYF,VPWVWRSSL,1
CASSLTSFYEQYF,VPPVWRSSL,1
CASSLTSFYEQYF,VPCVWRSSL,1
CASSLTSFYEQYF,VPSPWRSSL,1
CASSLTSFYEQYF,VPSQWRSSL,1
CASSLTSFYEQYF,VPSKWRSSL,1
CASSLTSFYEQYF,VPSSWRSSL,1
CASSLTSFYEQYF,VPSGWRSSL,1
CASSLTSFYEQYF,VPSEWRSSL,1
CASSLTSFYEQYF,VPSTWRSSL,1
CASSLTSFYEQYF,VPSAWRSSL,1
CASSLTSFYEQYF,VPSRWRSSL,1
CASSLTSFYEQYF,VPSLWRSSL,1
CASSLTSFYEQYF,VPSHWRSSL,1
CASSLTSFYEQYF,VPSNWRSSL,1
CASSLTSFYEQYF,VPSDWRSSL,1
CASSLTSFYEQYF,VPSMWRSSL,1
CASSLTSFYEQYF,VPSIWRSSL,1
CASSLTSFYEQYF,VPSFWRSSL,1
CASSLTSFYEQYF,VPSYWRSSL,1
CASSLTSFYEQYF,VPSWWRSSL,1
CASSLTSFYEQYF,VPSCWRSSL,1
CASSLTSFYEQYF,VPSVPRSSL,1
CASSLTSFYEQYF,VPSVHRSSL,0
CASSLTSFYEQYF,VPSVGRSSL,0
CASSLTSFYEQYF,VPSVKRSSL,1
CASSLTSFYEQYF,VPSVRRSSL,0
CASSLTSFYEQYF,VPSVTRSSL,0
CASSLTSFYEQYF,VPSVSRSSL,0
CASSLTSFYEQYF,VPSVQRSSL,0
CASSLTSFYEQYF,VPSVVRSSL,0
CASSLTSFYEQYF,VPSVARSSL,0
CASSLTSFYEQYF,VPSVIRSSL,0
CASSLTSFYEQYF,VPSVLRSSL,0
CASSLTSFYEQYF,VPSVNRSSL,0
CASSLTSFYEQYF,VPSVMRSSL,0
CASSLTSFYEQYF,VPSVERSSL,0
CASSLTSFYEQYF,VPSVYRSSL,1
CASSLTSFYEQYF,VPSVFRSSL,0
CASSLTSFYEQYF,VPSVDRSSL,0
CASSLTSFYEQYF,VPSVCRSSL,0
CASSLTSFYEQYF,VPSVWKSSL,1
CASSLTSFYEQYF,VPSVWHSSL,0
CASSLTSFYEQYF,VPSVWGSSL,0
CASSLTSFYEQYF,VPSVWPSSL,0
CASSLTSFYEQYF,VPSVWTSSL,0
CASSLTSFYEQYF,VPSVWSSSL,0
CASSLTSFYEQYF,VPSVWQSSL,0
CASSLTSFYEQYF,VPSVWNSSL,0
CASSLTSFYEQYF,VPSVWVSSL,0
CASSLTSFYEQYF,VPSVWISSL,0
CASSLTSFYEQYF,VPSVWLSSL,0
CASSLTSFYEQYF,VPSVWASSL,0
CASSLTSFYEQYF,VPSVWFSSL,0
CASSLTSFYEQYF,VPSVWMSSL,0
CASSLTSFYEQYF,VPSVWYSSL,1
CASSLTSFYEQYF,VPSVWWSSL,0
CASSLTSFYEQYF,VPSVWESSL,0
CASSLTSFYEQYF,VPSVWRTSL,0
CASSLTSFYEQYF,VPSVWRHSL,1
CASSLTSFYEQYF,VPSVWRQSL,1
CASSLTSFYEQYF,VPSVWRVSL,1
CASSLTSFYEQYF,VPSVWRNSL,1
CASSLTSFYEQYF,VPSVWRLSL,0
CASSLTSFYEQYF,VPSVWRMSL,1
CASSLTSFYEQYF,VPSVWRISL,1
CASSLTSFYEQYF,VPSVWRASL,1
CASSLTSFYEQYF,VPSVWRRSL,1
CASSLTSFYEQYF,VPSVWRPSL,1
CASSLTSFYEQYF,VPSVWRKSL,1
CASSLTSFYEQYF,VPSVWRGSL,1
CASSLTSFYEQYF,VPSVWRESL,1
CASSLTSFYEQYF,VPSVWRYSL,1
CASSLTSFYEQYF,VPSVWRFSL,1
CASSLTSFYEQYF,VPSVWRDSL,1
CASSLTSFYEQYF,VPSVWRCSL,1
CASSLTSFYEQYF,VPSVWRWSL,1
CASSLTSFYEQYF,VPSVWRSAL,1
CASSLTSFYEQYF,VPSVWRSTL,1
CASSLTSFYEQYF,VPSVWRSEL,1
CASSLTSFYEQYF,VPSVWRSQL,1
CASSLTSFYEQYF,VPSVWRSVL,1
CASSLTSFYEQYF,VPSVWRSPL,1
CASSLTSFYEQYF,VPSVWRSKL,1
CASSLTSFYEQYF,VPSVWRSIL,1
CASSLTSFYEQYF,VPSVWRSHL,1
CASSLTSFYEQYF,VPSVWRSML,1
CASSLTSFYEQYF,VPSVWRSNL,1
CASSLTSFYEQYF,VPSVWRSGL,1
CASSLTSFYEQYF,VPSVWRSYL,1
CASSLTSFYEQYF,VPSVWRSRL,1
CASSLTSFYEQYF,VPSVWRSLL,0
CASSLTSFYEQYF,VPSVWRSFL,1
CASSLTSFYEQYF,VPSVWRSDL,1
CASSLTSFYEQYF,VPSVWRSCL,1
CASSLTSFYEQYF,VPSVWRSWL,1
CASSLTSFYEQYF,VPSVWRSSM,1
CASSLTSFYEQYF,VPSVWRSSF,1
CASSLTSFYEQYF,VPSVWRSSI,1
CASSLTSFYEQYF,VPSVWRSSV,1
CSAPVGGGGFTDTQYF,NLVPMVATV,1
CSAPVGGGGFTDTQYF,ALVPMVATV,1
CSAPVGGGGFTDTQYF,CLVPMVATV,0
CSAPVGGGGFTDTQYF,DLVPMVATV,0
CSAPVGGGGFTDTQYF,ELVPMVATV,0
CSAPVGGGGFTDTQYF,FLVPMVATV,0
CSAPVGGGGFTDTQYF,GLVPMVATV,1
CSAPVGGGGFTDTQYF,HLVPMVATV,0
CSAPVGGGGFTDTQYF,ILVPMVATV,0
CSAPVGGGGFTDTQYF,KLVPMVATV,1
CSAPVGGGGFTDTQYF,LLVPMVATV,0
CSAPVGGGGFTDTQYF,MLVPMVATV,1
CSAPVGGGGFTDTQYF,PLVPMVATV,1
CSAPVGGGGFTDTQYF,QLVPMVATV,1
CSAPVGGGGFTDTQYF,RLVPMVATV,0
CSAPVGGGGFTDTQYF,SLVPMVATV,1
CSAPVGGGGFTDTQYF,TLVPMVATV,0
CSAPVGGGGFTDTQYF,VLVPMVATV,1
CSAPVGGGGFTDTQYF,WLVPMVATV,1
CSAPVGGGGFTDTQYF,YLVPMVATV,1
CSAPVGGGGFTDTQYF,NAVPMVATV,1
CSAPVGGGGFTDTQYF,NCVPMVATV,1
CSAPVGGGGFTDTQYF,NDVPMVATV,0
CSAPVGGGGFTDTQYF,NEVPMVATV,0
CSAPVGGGGFTDTQYF,NFVPMVATV,1
CSAPVGGGGFTDTQYF,NGVPMVATV,0
CSAPVGGGGFTDTQYF,NHVPMVATV,1
CSAPVGGGGFTDTQYF,NIVPMVATV,1
CSAPVGGGGFTDTQYF,NKVPMVATV,1
CSAPVGGGGFTDTQYF,NMVPMVATV,1
CSAPVGGGGFTDTQYF,NNVPMVATV,1
CSAPVGGGGFTDTQYF,NPVPMVATV,0
CSAPVGGGGFTDTQYF,NQVPMVATV,1
CSAPVGGGGFTDTQYF,NRVPMVATV,1
CSAPVGGGGFTDTQYF,NSVPMVATV,0
CSAPVGGGGFTDTQYF,NTVPMVATV,1
CSAPVGGGGFTDTQYF,NVVPMVATV,1
CSAPVGGGGFTDTQYF,NWVPMVATV,1
CSAPVGGGGFTDTQYF,NYVPMVATV,1
CSAPVGGGGFTDTQYF,NLAPMVATV,1
CSAPVGGGGFTDTQYF,NLCPMVATV,1
CSAPVGGGGFTDTQYF,NLDPMVATV,1
CSAPVGGGGFTDTQYF,NLEPMVATV,1
CSAPVGGGGFTDTQYF,NLFPMVATV,0
CSAPVGGGGFTDTQYF,NLGPMVATV,1
CSAPVGGGGFTDTQYF,NLHPMVATV,0
CSAPVGGGGFTDTQYF,NLIPMVATV,1
CSAPVGGGGFTDTQYF,NLKPMVATV,1
CSAPVGGGGFTDTQYF,NLLPMVATV,1
CSAPVGGGGFTDTQYF,NLMPMVATV,1
CSAPVGGGGFTDTQYF,NLNPMVATV,0
CSAPVGGGGFTDTQYF,NLPPMVATV,0
CSAPVGGGGFTDTQYF,NLQPMVATV,1
CSAPVGGGGFTDTQYF,NLRPMVATV,1
CSAPVGGGGFTDTQYF,NLSPMVATV,1
CSAPVGGGGFTDTQYF,NLTPMVATV,0
CSAPVGGGGFTDTQYF,NLWPMVATV,1
CSAPVGGGGFTDTQYF,NLYPMVATV,1
CSAPVGGGGFTDTQYF,NLVAMVATV,1
CSAPVGGGGFTDTQYF,NLVCMVATV,0
CSAPVGGGGFTDTQYF,NLVDMVATV,1
CSAPVGGGGFTDTQYF,NLVEMVATV,0
CSAPVGGGGFTDTQYF,NLVFMVATV,0
CSAPVGGGGFTDTQYF,NLVGMVATV,0
CSAPVGGGGFTDTQYF,NLVHMVATV,0
CSAPVGGGGFTDTQYF,NLVIMVATV,0
CSAPVGGGGFTDTQYF,NLVKMVATV,0
CSAPVGGGGFTDTQYF,NLVLMVATV,1
CSAPVGGGGFTDTQYF,NLVMMVATV,1
CSAPVGGGGFTDTQYF,NLVNMVATV,0
CSAPVGGGGFTDTQYF,NLVQMVATV,0
CSAPVGGGGFTDTQYF,NLVRMVATV,0
CSAPVGGGGFTDTQYF,NLVSMVATV,0
CSAPVGGGGFTDTQYF,NLVTMVATV,0
CSAPVGGGGFTDTQYF,NLVVMVATV,0
CSAPVGGGGFTDTQYF,NLVWMVATV,0
CSAPVGGGGFTDTQYF,NLVYMVATV,0
CSAPVGGGGFTDTQYF,NLVPAVATV,1
CSAPVGGGGFTDTQYF,NLVPCVATV,1
CSAPVGGGGFTDTQYF,NLVPDVATV,1
CSAPVGGGGFTDTQYF,NLVPEVATV,1
CSAPVGGGGFTDTQYF,NLVPFVATV,0
CSAPVGGGGFTDTQYF,NLVPGVATV,1
CSAPVGGGGFTDTQYF,NLVPHVATV,0
CSAPVGGGGFTDTQYF,NLVPIVATV,0
CSAPVGGGGFTDTQYF,NLVPKVATV,0
CSAPVGGGGFTDTQYF,NLVPLVATV,0
CSAPVGGGGFTDTQYF,NLVPNVATV,1
CSAPVGGGGFTDTQYF,NLVPPVATV,0
CSAPVGGGGFTDTQYF,NLVPQVATV,1
CSAPVGGGGFTDTQYF,NLVPRVATV,1
CSAPVGGGGFTDTQYF,NLVPSVATV,1
CSAPVGGGGFTDTQYF,NLVPTVATV,1
CSAPVGGGGFTDTQYF,NLVPVVATV,0
CSAPVGGGGFTDTQYF,NLVPWVATV,0
CSAPVGGGGFTDTQYF,NLVPYVATV,0
CSAPVGGGGFTDTQYF,NLVPMAATV,1
CSAPVGGGGFTDTQYF,NLVPMCATV,1
CSAPVGGGGFTDTQYF,NLVPMDATV,0
CSAPVGGGGFTDTQYF,NLVPMEATV,1
CSAPVGGGGFTDTQYF,NLVPMFATV,1
CSAPVGGGGFTDTQYF,NLVPMGATV,1
CSAPVGGGGFTDTQYF,NLVPMHATV,1
CSAPVGGGGFTDTQYF,NLVPMIATV,1
CSAPVGGGGFTDTQYF,NLVPMKATV,1
CSAPVGGGGFTDTQYF,NLVPMLATV,1
CSAPVGGGGFTDTQYF,NLVPMMATV,1
CSAPVGGGGFTDTQYF,NLVPMNATV,1
CSAPVGGGGFTDTQYF,NLVPMPATV,0
CSAPVGGGGFTDTQYF,NLVPMQATV,0
CSAPVGGGGFTDTQYF,NLVPMRATV,1
CSAPVGGGGFTDTQYF,NLVPMSATV,1
CSAPVGGGGFTDTQYF,NLVPMTATV,1
CSAPVGGGGFTDTQYF,NLVPMWATV,1
CSAPVGGGGFTDTQYF,NLVPMYATV,1
CSAPVGGGGFTDTQYF,NLVPMVCTV,1
CSAPVGGGGFTDTQYF,NLVPMVDTV,1
CSAPVGGGGFTDTQYF,NLVPMVETV,1
CSAPVGGGGFTDTQYF,NLVPMVFTV,1
CSAPVGGGGFTDTQYF,NLVPMVGTV,1
CSAPVGGGGFTDTQYF,NLVPMVHTV,1
CSAPVGGGGFTDTQYF,NLVPMVITV,1
CSAPVGGGGFTDTQYF,NLVPMVKTV,1
CSAPVGGGGFTDTQYF,NLVPMVLTV,1
CSAPVGGGGFTDTQYF,NLVPMVMTV,1
CSAPVGGGGFTDTQYF,NLVPMVNTV,1
CSAPVGGGGFTDTQYF,NLVPMVPTV,1
CSAPVGGGGFTDTQYF,NLVPMVQTV,1
CSAPVGGGGFTDTQYF,NLVPMVRTV,1
CSAPVGGGGFTDTQYF,NLVPMVSTV,1
CSAPVGGGGFTDTQYF,NLVPMVTTV,1
CSAPVGGGGFTDTQYF,NLVPMVVTV,1
CSAPVGGGGFTDTQYF,NLVPMVWTV,0
CSAPVGGGGFTDTQYF,NLVPMVYTV,1
CSAPVGGGGFTDTQYF,NLVPMVAAV,1
CSAPVGGGGFTDTQYF,NLVPMVACV,1
CSAPVGGGGFTDTQYF,NLVPMVADV,1
CSAPVGGGGFTDTQYF,NLVPMVAEV,1
CSAPVGGGGFTDTQYF,NLVPMVAFV,1
CSAPVGGGGFTDTQYF,NLVPMVAGV,1
CSAPVGGGGFTDTQYF,NLVPMVAHV,1
CSAPVGGGGFTDTQYF,NLVPMVAIV,1
CSAPVGGGGFTDTQYF,NLVPMVAKV,1
CSAPVGGGGFTDTQYF,NLVPMVALV,1
CSAPVGGGGFTDTQYF,NLVPMVAMV,1
CSAPVGGGGFTDTQYF,NLVPMVANV,1
CSAPVGGGGFTDTQYF,NLVPMVAPV,1
CSAPVGGGGFTDTQYF,NLVPMVAQV,1
CSAPVGGGGFTDTQYF,NLVPMVARV,1
CSAPVGGGGFTDTQYF,NLVPMVASV,1
CSAPVGGGGFTDTQYF,NLVPMVAVV,1
CSAPVGGGGFTDTQYF,NLVPMVAWV,1
CSAPVGGGGFTDTQYF,NLVPMVAYV,1
CSAPVGGGGFTDTQYF,NLVPMVATA,1
CSAPVGGGGFTDTQYF,NLVPMVATC,1
CSAPVGGGGFTDTQYF,NLVPMVATD,1
CSAPVGGGGFTDTQYF,NLVPMVATE,1
CSAPVGGGGFTDTQYF,NLVPMVATF,1
CSAPVGGGGFTDTQYF,NLVPMVATG,1
CSAPVGGGGFTDTQYF,NLVPMVATH,1
CSAPVGGGGFTDTQYF,NLVPMVATI,1
CSAPVGGGGFTDTQYF,NLVPMVATK,1
CSAPVGGGGFTDTQYF,NLVPMVATL,0
CSAPVGGGGFTDTQYF,NLVPMVATM,1
CSAPVGGGGFTDTQYF,NLVPMVATN,1
CSAPVGGGGFTDTQYF,NLVPMVATP,1
CSAPVGGGGFTDTQYF,NLVPMVATQ,1
CSAPVGGGGFTDTQYF,NLVPMVATR,1
CSAPVGGGGFTDTQYF,NLVPMVATS,0
CSAPVGGGGFTDTQYF,NLVPMVATT,0
CSAPVGGGGFTDTQYF,NLVPMVATW,1
CSAPVGGGGFTDTQYF,NLVPMVATY,1
CASSLSFRQGLREQYF,AVVGAVGVGK,1
CASSLSFRQGLREQYF,CVVGAVGVGK,1
CASSLSFRQGLREQYF,DVVGAVGVGK,1
CASSLSFRQGLREQYF,EVVGAVGVGK,1
CASSLSFRQGLREQYF,FVVGAVGVGK,1
CASSLSFRQGLREQYF,GVVGAVGVGK,1
CASSLSFRQGLREQYF,HVVGAVGVGK,1
CASSLSFRQGLREQYF,IVVGAVGVGK,1
CASSLSFRQGLREQYF,KVVGAVGVGK,1
CASSLSFRQGLREQYF,LVVGAVGVGK,1
CASSLSFRQGLREQYF,MVVGAVGVGK,1
CASSLSFRQGLREQYF,NVVGAVGVGK,1
CASSLSFRQGLREQYF,PVVGAVGVGK,1
CASSLSFRQGLREQYF,QVVGAVGVGK,1
CASSLSFRQGLREQYF,RVVGAVGVGK,1
CASSLSFRQGLREQYF,SVVGAVGVGK,1
CASSLSFRQGLREQYF,TVVGAVGVGK,1
CASSLSFRQGLREQYF,WVVGAVGVGK,1
CASSLSFRQGLREQYF,YVVGAVGVGK,1
CASSLSFRQGLREQYF,VAVGAVGVGK,1
CASSLSFRQGLREQYF,VCVGAVGVGK,1
CASSLSFRQGLREQYF,VDVGAVGVGK,1
CASSLSFRQGLREQYF,VEVGAVGVGK,1
CASSLSFRQGLREQYF,VFVGAVGVGK,1
CASSLSFRQGLREQYF,VGVGAVGVGK,1
CASSLSFRQGLREQYF,VHVGAVGVGK,1
CASSLSFRQGLREQYF,VIVGAVGVGK,1
CASSLSFRQGLREQYF,VKVGAVGVGK,1
CASSLSFRQGLREQYF,VLVGAVGVGK,1
CASSLSFRQGLREQYF,VMVGAVGVGK,1
CASSLSFRQGLREQYF,VNVGAVGVGK,1
CASSLSFRQGLREQYF,VPVGAVGVGK,1
CASSLSFRQGLREQYF,VQVGAVGVGK,1
CASSLSFRQGLREQYF,VRVGAVGVGK,1
CASSLSFRQGLREQYF,VSVGAVGVGK,0
CASSLSFRQGLREQYF,VTVGAVGVGK,0
CASSLSFRQGLREQYF,VWVGAVGVGK,1
CASSLSFRQGLREQYF,VYVGAVGVGK,1
CASSLSFRQGLREQYF,VVAGAVGVGK,1
CASSLSFRQGLREQYF,VVCGAVGVGK,1
CASSLSFRQGLREQYF,VVDGAVGVGK,0
CASSLSFRQGLREQYF,VVEGAVGVGK,1
CASSLSFRQGLREQYF,VVFGAVGVGK,1
CASSLSFRQGLREQYF,VVGGAVGVGK,1
CASSLSFRQGLREQYF,VVHGAVGVGK,1
CASSLSFRQGLREQYF,VVIGAVGVGK,1
CASSLSFRQGLREQYF,VVKGAVGVGK,1
CASSLSFRQGLREQYF,VVLGAVGVGK,1
CASSLSFRQGLREQYF,VVMGAVGVGK,1
CASSLSFRQGLREQYF,VVNGAVGVGK,1
CASSLSFRQGLREQYF,VVPGAVGVGK,1
CASSLSFRQGLREQYF,VVQGAVGVGK,1
CASSLSFRQGLREQYF,VVRGAVGVGK,1
CASSLSFRQGLREQYF,VVSGAVGVGK,1
CASSLSFRQGLREQYF,VVTGAVGVGK,1
CASSLSFRQGLREQYF,VVWGAVGVGK,1
CASSLSFRQGLREQYF,VVYGAVGVGK,1
CASSLSFRQGLREQYF,VVVAAVGVGK,1
CASSLSFRQGLREQYF,VVVCAVGVGK,0
CASSLSFRQGLREQYF,VVVDAVGVGK,0
CASSLSFRQGLREQYF,VVVEAVGVGK,0
CASSLSFRQGLREQYF,VVVFAVGVGK,0
CASSLSFRQGLREQYF,VVVHAVGVGK,1
CASSLSFRQGLREQYF,VVVIAVGVGK,0
CASSLSFRQGLREQYF,VVVKAVGVGK,0
CASSLSFRQGLREQYF,VVVLAVGVGK,0
CASSLSFRQGLREQYF,VVVMAVGVGK,0
CASSLSFRQGLREQYF,VVVNAVGVGK,0
CASSLSFRQGLREQYF,VVVPAVGVGK,0
CASSLSFRQGLREQYF,VVVQAVGVGK,0
CASSLSFRQGLREQYF,VVVRAVGVGK,0
CASSLSFRQGLREQYF,VVVSAVGVGK,0
CASSLSFRQGLREQYF,VVVTAVGVGK,0
CASSLSFRQGLREQYF,VVVVAVGVGK,0
CASSLSFRQGLREQYF,VVVWAVGVGK,0
CASSLSFRQGLREQYF,VVVYAVGVGK,0
CASSLSFRQGLREQYF,VVVGCVGVGK,1
CASSLSFRQGLREQYF,VVVGDVGVGK,1
CASSLSFRQGLREQYF,VVVGEVGVGK,0
CASSLSFRQGLREQYF,VVVGFVGVGK,0
CASSLSFRQGLREQYF,VVVGGVGVGK,1
CASSLSFRQGLREQYF,VVVGHVGVGK,0
CASSLSFRQGLREQYF,VVVGIVGVGK,1
CASSLSFRQGLREQYF,VVVGKVGVGK,0
CASSLSFRQGLREQYF,VVVGLVGVGK,0
CASSLSFRQGLREQYF,VVVGMVGVGK,1
CASSLSFRQGLREQYF,VVVGNVGVGK,0
CASSLSFRQGLREQYF,VVVGPVGVGK,0
CASSLSFRQGLREQYF,VVVGQVGVGK,1
CASSLSFRQGLREQYF,VVVGRVGVGK,0
CASSLSFRQGLREQYF,VVVGSVGVGK,1
CASSLSFRQGLREQYF,VVVGTVGVGK,1
CASSLSFRQGLREQYF,VVVGVVGVGK,1
CASSLSFRQGLREQYF,VVVGWVGVGK,0
CASSLSFRQGLREQYF,VVVGYVGVGK,1
CASSLSFRQGLREQYF,VVVGAAGVGK,1
CASSLSFRQGLREQYF,VVVGACGVGK,1
CASSLSFRQGLREQYF,VVVGADGVGK,1
CASSLSFRQGLREQYF,VVVGAEGVGK,0
CASSLSFRQGLREQYF,VVVGAFGVGK,1
CASSLSFRQGLREQYF,VVVGAGGVGK,0
CASSLSFRQGLREQYF,VVVGAHGVGK,1
CASSLSFRQGLREQYF,VVVGAIGVGK,1
CASSLSFRQGLREQYF,VVVGAKGVGK,1
CASSLSFRQGLREQYF,VVVGALGVGK,1
CASSLSFRQGLREQYF,VVVGAMGVGK,0
CASSLSFRQGLREQYF,VVVGANGVGK,1
CASSLSFRQGLREQYF,VVVGAPGVGK,1
CASSLSFRQGLREQYF,VVVGAQGVGK,1
CASSLSFRQGLREQYF,VVVGARGVGK,0
CASSLSFRQGLREQYF,VVVGASGVGK,1
CASSLSFRQGLREQYF,VVVGATGVGK,1
CASSLSFRQGLREQYF,VVVGAWGVGK,0
CASSLSFRQGLREQYF,VVVGAYGVGK,1
CASSLSFRQGLREQYF,VVVGAVAVGK,1
CASSLSFRQGLREQYF,VVVGAVCVGK,1
CASSLSFRQGLREQYF,VVVGAVDVGK,0
CASSLSFRQGLREQYF,VVVGAVEVGK,0
CASSLSFRQGLREQYF,VVVGAVFVGK,1
CASSLSFRQGLREQYF,VVVGAVHVGK,1
CASSLSFRQGLREQYF,VVVGAVIVGK,1
CASSLSFRQGLREQYF,VVVGAVKVGK,1
CASSLSFRQGLREQYF,VVVGAVLVGK,1
CASSLSFRQGLREQYF,VVVGAVMVGK,1
CASSLSFRQGLREQYF,VVVGAVNVGK,0
CASSLSFRQGLREQYF,VVVGAVPVGK,0
CASSLSFRQGLREQYF,VVVGAVQVGK,0
CASSLSFRQGLREQYF,VVVGAVRVGK,1
CASSLSFRQGLREQYF,VVVGAVSVGK,1
CASSLSFRQGLREQYF,VVVGAVTVGK,0
CASSLSFRQGLREQYF,VVVGAVVVGK,1
CASSLSFRQGLREQYF,VVVGAVWVGK,0
CASSLSFRQGLREQYF,VVVGAVYVGK,0
CASSLSFRQGLREQYF,VVVGAVGAGK,1
CASSLSFRQGLREQYF,VVVGAVGCGK,1
CASSLSFRQGLREQYF,VVVGAVGDGK,1
CASSLSFRQGLREQYF,VVVGAVGEGK,0
CASSLSFRQGLREQYF,VVVGAVGFGK,0
CASSLSFRQGLREQYF,VVVGAVGGGK,1
CASSLSFRQGLREQYF,VVVGAVGHGK,0
CASSLSFRQGLREQYF,VVVGAVGIGK,1
CASSLSFRQGLREQYF,VVVGAVGKGK,1
CASSLSFRQGLREQYF,VVVGAVGLGK,1
CASSLSFRQGLREQYF,VVVGAVGMGK,1
CASSLSFRQGLREQYF,VVVGAVGNGK,1
CASSLSFRQGLREQYF,VVVGAVGPGK,0
CASSLSFRQGLREQYF,VVVGAVGQGK,1
CASSLSFRQGLREQYF,VVVGAVGRGK,1
CASSLSFRQGLREQYF,VVVGAVGSGK,1
CASSLSFRQGLREQYF,VVVGAVGTGK,1
CASSLSFRQGLREQYF,VVVGAVGWGK,0
CASSLSFRQGLREQYF,VVVGAVGYGK,0
CASSLSFRQGLREQYF,VVVGAVGVAK,0
CASSLSFRQGLREQYF,VVVGAVGVCK,0
CASSLSFRQGLREQYF,VVVGAVGVDK,0
CASSLSFRQGLREQYF,VVVGAVGVEK,0
CASSLSFRQGLREQYF,VVVGAVGVFK,0
CASSLSFRQGLREQYF,VVVGAVGVHK,0
CASSLSFRQGLREQYF,VVVGAVGVIK,0
CASSLSFRQGLREQYF,VVVGAVGVKK,0
CASSLSFRQGLREQYF,VVVGAVGVLK,0
CASSLSFRQGLREQYF,VVVGAVGVMK,0
CASSLSFRQGLREQYF,VVVGAVGVNK,0
CASSLSFRQGLREQYF,VVVGAVGVPK,0
CASSLSFRQGLREQYF,VVVGAVGVQK,0
CASSLSFRQGLREQYF,VVVGAVGVRK,0
CASSLSFRQGLREQYF,VVVGAVGVSK,0
CASSLSFRQGLREQYF,VVVGAVGVTK,0
CASSLSFRQGLREQYF,VVVGAVGVVK,0
CASSLSFRQGLREQYF,VVVGAVGVWK,0
CASSLSFRQGLREQYF,VVVGAVGVYK,0
CASSLSFRQGLREQYF,VVVGAVGVGA,0
CASSLSFRQGLREQYF,VVVGAVGVGC,0
CASSLSFRQGLREQYF,VVVGAVGVGD,0
CASSLSFRQGLREQYF,VVVGAVGVGE,0
CASSLSFRQGLREQYF,VVVGAVGVGF,1
CASSLSFRQGLREQYF,VVVGAVGVGG,0
CASSLSFRQGLREQYF,VVVGAVGVGH,1
CASSLSFRQGLREQYF,VVVGAVGVGI,1
CASSLSFRQGLREQYF,VVVGAVGVGL,1
CASSLSFRQGLREQYF,VVVGAVGVGM,1
CASSLSFRQGLREQYF,VVVGAVGVGN,1
CASSLSFRQGLREQYF,VVVGAVGVGP,0
CASSLSFRQGLREQYF,VVVGAVGVGQ,1
CASSLSFRQGLREQYF,VVVGAVGVGR,1
CASSLSFRQGLREQYF,VVVGAVGVGS,1
CASSLSFRQGLREQYF,VVVGAVGVGT,0
CASSLSFRQGLREQYF,VVVGAVGVGV,1
CASSLSFRQGLREQYF,VVVGAVGVGW,0
CASSLSFRQGLREQYF,VVVGAVGVGY,1
CASSLSFRQGLREQYF,VVVGAVGVGK,1
