,CDR3,Antigen,HLA
0,CASSDAGTSQNTLYF,FMNKFIYEI,A*02:01
1,CASSDAGTSQNTLYF,AMNKFIYEI,A*02:01
2,CASSDAGTSQNTLYF,CMNKFIYEI,A*02:01
3,CASSDAGTSQNTLYF,DMNKFIYEI,A*02:01
4,CASSDAGTSQNTLYF,EMNKFIYEI,A*02:01
5,CASSDAGTSQNTLYF,GMNKFIYEI,A*02:01
6,CASSDAGTSQNTLYF,HMNKFIYEI,A*02:01
7,CASSDAGTSQNTLYF,IMNKFIYEI,A*02:01
8,CASSDAGTSQNTLYF,KMNKFIYEI,A*02:01
9,CASSDAGTSQNTLYF,LMNKFIYEI,A*02:01
10,CASSDAGTSQNTLYF,MMNKFIYEI,A*02:01
11,CASSDAGTSQNTLYF,NMNKFIYEI,A*02:01
12,CASSDAGTSQNTLYF,PMNKFIYEI,A*02:01
13,CASSDAGTSQNTLYF,QMNKFIYEI,A*02:01
14,CASSDAGTSQNTLYF,RMNKFIYEI,A*02:01
15,CASSDAGTSQNTLYF,SMNKFIYEI,A*02:01
16,CASSDAGTSQNTLYF,TMNKFIYEI,A*02:01
17,CASSDAGTSQNTLYF,VMNKFIYEI,A*02:01
18,CASSDAGTSQNTLYF,WMNKFIYEI,A*02:01
19,CASSDAGTSQNTLYF,YMNKFIYEI,A*02:01
20,CASSDAGTSQNTLYF,FANKFIYEI,A*02:01
21,CASSDAGTSQNTLYF,FCNKFIYEI,A*02:01
22,CASSDAGTSQNTLYF,FDNKFIYEI,A*02:01
23,CASSDAGTSQNTLYF,FENKFIYEI,A*02:01
24,CASSDAGTSQNTLYF,FFNKFIYEI,A*02:01
25,CASSDAGTSQNTLYF,FGNKFIYEI,A*02:01
26,CASSDAGTSQNTLYF,FHNKFIYEI,A*02:01
27,CASSDAGTSQNTLYF,FINKFIYEI,A*02:01
28,CASSDAGTSQNTLYF,FKNKFIYEI,A*02:01
29,CASSDAGTSQNTLYF,FLNKFIYEI,A*02:01
30,CASSDAGTSQNTLYF,FNNKFIYEI,A*02:01
31,CASSDAGTSQNTLYF,FPNKFIYEI,A*02:01
32,CASSDAGTSQNTLYF,FQNKFIYEI,A*02:01
33,CASSDAGTSQNTLYF,FRNKFIYEI,A*02:01
34,CASSDAGTSQNTLYF,FSNKFIYEI,A*02:01
35,CASSDAGTSQNTLYF,FTNKFIYEI,A*02:01
36,CASSDAGTSQNTLYF,FVNKFIYEI,A*02:01
37,CASSDAGTSQNTLYF,FWNKFIYEI,A*02:01
38,CASSDAGTSQNTLYF,FYNKFIYEI,A*02:01
39,CASSDAGTSQNTLYF,FMAKFIYEI,A*02:01
40,CASSDAGTSQNTLYF,FMCKFIYEI,A*02:01
41,CASSDAGTSQNTLYF,FMDKFIYEI,A*02:01
42,CASSDAGTSQNTLYF,FMEKFIYEI,A*02:01
43,CASSDAGTSQNTLYF,FMFKFIYEI,A*02:01
44,CASSDAGTSQNTLYF,FMGKFIYEI,A*02:01
45,CASSDAGTSQNTLYF,FMHKFIYEI,A*02:01
46,CASSDAGTSQNTLYF,FMIKFIYEI,A*02:01
47,CASSDAGTSQNTLYF,FMKKFIYEI,A*02:01
48,CASSDAGTSQNTLYF,FMLKFIYEI,A*02:01
49,CASSDAGTSQNTLYF,FMMKFIYEI,A*02:01
50,CASSDAGTSQNTLYF,FMPKFIYEI,A*02:01
51,CASSDAGTSQNTLYF,FMQKFIYEI,A*02:01
52,CASSDAGTSQNTLYF,FMRKFIYEI,A*02:01
53,CASSDAGTSQNTLYF,FMSKFIYEI,A*02:01
54,CASSDAGTSQNTLYF,FMTKFIYEI,A*02:01
55,CASSDAGTSQNTLYF,FMVKFIYEI,A*02:01
56,CASSDAGTSQNTLYF,FMWKFIYEI,A*02:01
57,CASSDAGTSQNTLYF,FMYKFIYEI,A*02:01
58,CASSDAGTSQNTLYF,FMNAFIYEI,A*02:01
59,CASSDAGTSQNTLYF,FMNCFIYEI,A*02:01
60,CASSDAGTSQNTLYF,FMNDFIYEI,A*02:01
61,CASSDAGTSQNTLYF,FMNEFIYEI,A*02:01
62,CASSDAGTSQNTLYF,FMNFFIYEI,A*02:01
63,CASSDAGTSQNTLYF,FMNGFIYEI,A*02:01
64,CASSDAGTSQNTLYF,FMNHFIYEI,A*02:01
65,CASSDAGTSQNTLYF,FMNIFIYEI,A*02:01
66,CASSDAGTSQNTLYF,FMNLFIYEI,A*02:01
67,CASSDAGTSQNTLYF,FMNMFIYEI,A*02:01
68,CASSDAGTSQNTLYF,FMNNFIYEI,A*02:01
69,CASSDAGTSQNTLYF,FMNPFIYEI,A*02:01
70,CASSDAGTSQNTLYF,FMNQFIYEI,A*02:01
71,CASSDAGTSQNTLYF,FMNRFIYEI,A*02:01
72,CASSDAGTSQNTLYF,FMNSFIYEI,A*02:01
73,CASSDAGTSQNTLYF,FMNTFIYEI,A*02:01
74,CASSDAGTSQNTLYF,FMNVFIYEI,A*02:01
75,CASSDAGTSQNTLYF,FMNWFIYEI,A*02:01
76,CASSDAGTSQNTLYF,FMNYFIYEI,A*02:01
77,CASSDAGTSQNTLYF,FMNKAIYEI,A*02:01
78,CASSDAGTSQNTLYF,FMNKCIYEI,A*02:01
79,CASSDAGTSQNTLYF,FMNKDIYEI,A*02:01
80,CASSDAGTSQNTLYF,FMNKEIYEI,A*02:01
81,CASSDAGTSQNTLYF,FMNKGIYEI,A*02:01
82,CASSDAGTSQNTLYF,FMNKHIYEI,A*02:01
83,CASSDAGTSQNTLYF,FMNKIIYEI,A*02:01
84,CASSDAGTSQNTLYF,FMNKKIYEI,A*02:01
85,CASSDAGTSQNTLYF,FMNKLIYEI,A*02:01
86,CASSDAGTSQNTLYF,FMNKMIYEI,A*02:01
87,CASSDAGTSQNTLYF,FMNKNIYEI,A*02:01
88,CASSDAGTSQNTLYF,FMNKPIYEI,A*02:01
89,CASSDAGTSQNTLYF,FMNKQIYEI,A*02:01
90,CASSDAGTSQNTLYF,FMNKRIYEI,A*02:01
91,CASSDAGTSQNTLYF,FMNKSIYEI,A*02:01
92,CASSDAGTSQNTLYF,FMNKTIYEI,A*02:01
93,CASSDAGTSQNTLYF,FMNKVIYEI,A*02:01
94,CASSDAGTSQNTLYF,FMNKWIYEI,A*02:01
95,CASSDAGTSQNTLYF,FMNKYIYEI,A*02:01
96,CASSDAGTSQNTLYF,FMNKFAYEI,A*02:01
97,CASSDAGTSQNTLYF,FMNKFCYEI,A*02:01
98,CASSDAGTSQNTLYF,FMNKFDYEI,A*02:01
99,CASSDAGTSQNTLYF,FMNKFEYEI,A*02:01
100,CASSDAGTSQNTLYF,FMNKFFYEI,A*02:01
101,CASSDAGTSQNTLYF,FMNKFGYEI,A*02:01
102,CASSDAGTSQNTLYF,FMNKFHYEI,A*02:01
103,CASSDAGTSQNTLYF,FMNKFKYEI,A*02:01
104,CASSDAGTSQNTLYF,FMNKFLYEI,A*02:01
105,CASSDAGTSQNTLYF,FMNKFMYEI,A*02:01
106,CASSDAGTSQNTLYF,FMNKFNYEI,A*02:01
107,CASSDAGTSQNTLYF,FMNKFPYEI,A*02:01
108,CASSDAGTSQNTLYF,FMNKFQYEI,A*02:01
109,CASSDAGTSQNTLYF,FMNKFRYEI,A*02:01
110,CASSDAGTSQNTLYF,FMNKFSYEI,A*02:01
111,CASSDAGTSQNTLYF,FMNKFTYEI,A*02:01
112,CASSDAGTSQNTLYF,FMNKFVYEI,A*02:01
113,CASSDAGTSQNTLYF,FMNKFWYEI,A*02:01
114,CASSDAGTSQNTLYF,FMNKFYYEI,A*02:01
115,CASSDAGTSQNTLYF,FMNKFIAEI,A*02:01
116,CASSDAGTSQNTLYF,FMNKFICEI,A*02:01
117,CASSDAGTSQNTLYF,FMNKFIDEI,A*02:01
118,CASSDAGTSQNTLYF,FMNKFIEEI,A*02:01
119,CASSDAGTSQNTLYF,FMNKFIFEI,A*02:01
120,CASSDAGTSQNTLYF,FMNKFIGEI,A*02:01
121,CASSDAGTSQNTLYF,FMNKFIHEI,A*02:01
122,CASSDAGTSQNTLYF,FMNKFIIEI,A*02:01
123,CASSDAGTSQNTLYF,FMNKFIKEI,A*02:01
124,CASSDAGTSQNTLYF,FMNKFILEI,A*02:01
125,CASSDAGTSQNTLYF,FMNKFIMEI,A*02:01
126,CASSDAGTSQNTLYF,FMNKFINEI,A*02:01
127,CASSDAGTSQNTLYF,FMNKFIPEI,A*02:01
128,CASSDAGTSQNTLYF,FMNKFIQEI,A*02:01
129,CASSDAGTSQNTLYF,FMNKFIREI,A*02:01
130,CASSDAGTSQNTLYF,FMNKFISEI,A*02:01
131,CASSDAGTSQNTLYF,FMNKFITEI,A*02:01
132,CASSDAGTSQNTLYF,FMNKFIVEI,A*02:01
133,CASSDAGTSQNTLYF,FMNKFIWEI,A*02:01
134,CASSDAGTSQNTLYF,FMNKFIYAI,A*02:01
135,CASSDAGTSQNTLYF,FMNKFIYCI,A*02:01
136,CASSDAGTSQNTLYF,FMNKFIYDI,A*02:01
137,CASSDAGTSQNTLYF,FMNKFIYFI,A*02:01
138,CASSDAGTSQNTLYF,FMNKFIYGI,A*02:01
139,CASSDAGTSQNTLYF,FMNKFIYHI,A*02:01
140,CASSDAGTSQNTLYF,FMNKFIYII,A*02:01
141,CASSDAGTSQNTLYF,FMNKFIYKI,A*02:01
142,CASSDAGTSQNTLYF,FMNKFIYLI,A*02:01
143,CASSDAGTSQNTLYF,FMNKFIYMI,A*02:01
144,CASSDAGTSQNTLYF,FMNKFIYNI,A*02:01
145,CASSDAGTSQNTLYF,FMNKFIYPI,A*02:01
146,CASSDAGTSQNTLYF,FMNKFIYQI,A*02:01
147,CASSDAGTSQNTLYF,FMNKFIYRI,A*02:01
148,CASSDAGTSQNTLYF,FMNKFIYSI,A*02:01
149,CASSDAGTSQNTLYF,FMNKFIYTI,A*02:01
150,CASSDAGTSQNTLYF,FMNKFIYVI,A*02:01
151,CASSDAGTSQNTLYF,FMNKFIYWI,A*02:01
152,CASSDAGTSQNTLYF,FMNKFIYYI,A*02:01
153,CASSDAGTSQNTLYF,FMNKFIYEA,A*02:01
154,CASSDAGTSQNTLYF,FMNKFIYEC,A*02:01
155,CASSDAGTSQNTLYF,FMNKFIYED,A*02:01
156,CASSDAGTSQNTLYF,FMNKFIYEE,A*02:01
157,CASSDAGTSQNTLYF,FMNKFIYEF,A*02:01
158,CASSDAGTSQNTLYF,FMNKFIYEG,A*02:01
159,CASSDAGTSQNTLYF,FMNKFIYEH,A*02:01
160,CASSDAGTSQNTLYF,FMNKFIYEK,A*02:01
161,CASSDAGTSQNTLYF,FMNKFIYEL,A*02:01
162,CASSDAGTSQNTLYF,FMNKFIYEM,A*02:01
163,CASSDAGTSQNTLYF,FMNKFIYEN,A*02:01
164,CASSDAGTSQNTLYF,FMNKFIYEP,A*02:01
165,CASSDAGTSQNTLYF,FMNKFIYEQ,A*02:01
166,CASSDAGTSQNTLYF,FMNKFIYER,A*02:01
167,CASSDAGTSQNTLYF,FMNKFIYES,A*02:01
168,CASSDAGTSQNTLYF,FMNKFIYET,A*02:01
169,CASSDAGTSQNTLYF,FMNKFIYEV,A*02:01
170,CASSDAGTSQNTLYF,FMNKFIYEW,A*02:01
171,CASSDAGTSQNTLYF,FMNKFIYEY,A*02:01
