peptide,activation,tcr,index_peptide
LLDVPTAAV,0,c259,SLLMWITQC
TLSEVTNQL,0,c259,SLLMWITQC
GLLGTLVQL,0,c259,SLLMWITQC
SLASLLAKV,0,c259,SLLMWITQC
SLLDKIIGA,0,c259,SLLMWITQC
ILTDITKGV,0,c259,SLLMWITQC
GLLGNVAEV,0,c259,SLLMWITQC
SVLGSLSSV,0,c259,SLLMWITQC
SLAELVHAV,0,c259,SLLMWITQC
SLTGHISTV,0,c259,SLLMWITQC
SMAPGLTSV,0,c259,SLLMWITQC
SLDQPTQTV,0,c259,SLLMWITQC
GLYSGVTTV,0,c259,SLLMWITQC
GLATDVQTV,0,c259,SLLMWITQC
GLAESVSTL,0,c259,SLLMWITQC
ALLDRIVSV,0,c259,SLLMWITQC
FSNGYLASL,0,c259,SLLMWITQC
GLFQGKTPL,0,c259,SLLMWITQC
GVLPNIQAV,0,c259,SLLMWITQC
TLVYHVVGV,0,c259,SLLMWITQC
SLLDPVPEV,0,c259,SLLMWITQC
LLIPGLATA,0,c259,SLLMWITQC
AMVIFKSGV,0,c259,SLLMWITQC
GLNEEIARV,0,c259,SLLMWITQC
ALFPGVALL,0,c259,SLLMWITQC
SMSGPLIGV,0,c259,SLLMWITQC
ALLAGSEYL,0,c259,SLLMWITQC
YLGPHIASV,0,c259,SLLMWITQC
SIYPSPTGV,0,c259,SLLMWITQC
AALPNVYEV,0,c259,SLLMWITQC
SLLPAIVEL,0,c259,SLLMWITQC
ILGLGYPSL,0,c259,SLLMWITQC
TLIEDILGV,0,c259,SLLMWITQC
ILDAGGHNV,0,c259,SLLMWITQC
SLWGQPAEA,0,c259,SLLMWITQC
ALFGALFLA,0,c259,SLLMWITQC
AILPTSIFL,0,c259,SLLMWITQC
SIIGRLLEV,0,c259,SLLMWITQC
SLLEKSLGL,0,c259,SLLMWITQC
GLVPFLVSV,0,c259,SLLMWITQC
RLSEAIVTV,0,c259,SLLMWITQC
SLFGGSVKL,0,c259,SLLMWITQC
SLIGHLQTL,0,c259,SLLMWITQC
KLSELEAAL,0,c259,SLLMWITQC
GLVGSLQEV,0,c259,SLLMWITQC
GLKGRVFEV,0,c259,SLLMWITQC
ALTPVVVTL,0,c259,SLLMWITQC
ALAPGLPTA,0,c259,SLLMWITQC
AIIGGTFTV,0,c259,SLLMWITQC
ALTGHLEEV,0,c259,SLLMWITQC
ALSGHLETV,0,c259,SLLMWITQC
GLLPDVPSL,0,c259,SLLMWITQC
ALFEGKVQL,0,c259,SLLMWITQC
ALLPIFFGA,0,c259,SLLMWITQC
SLSEKTVLL,0,c259,SLLMWITQC
ALLPSSPTL,0,c259,SLLMWITQC
YLPPATQVV,0,c259,SLLMWITQC
RMLPHAPGV,0,c259,SLLMWITQC
LLGPPPVGV,0,c259,SLLMWITQC
KLHGVNINV,0,c259,SLLMWITQC
KLGSVPVTV,0,c259,SLLMWITQC
KVGPVPVLV,0,c259,SLLMWITQC
SLFPGQVVI,0,c259,SLLMWITQC
ALNPADITV,0,c259,SLLMWITQC
SLFPGKLEV,0,c259,SLLMWITQC
FLTLWLTQV,2,c259,SLLMWITQC
MLAQWCTQA,2,c259,SLLMWITQC
NVLLWITAL,2,c259,SLLMWITQC
QVFLWLAQV,2,c259,SLLMWITQC
CVINWLNQI,0,c259,SLLMWITQC
TLLLWLCQA,2,c259,SLLMWITQC
SLALWVKQV,0,c259,SLLMWITQC
NVLLWLTAL,0,c259,SLLMWITQC
LLVLWLTAA,1,c259,SLLMWITQC
TQIQWATQV,2,c259,SLLMWITQC
ALLLWVSAL,1,c259,SLLMWITQC
LLQLWVSAV,0,c259,SLLMWITQC
NVSLWLSAV,1,c259,SLLMWITQC
FMMLWASQG,1,c259,SLLMWITQC
SLIQWLAAA,0,c259,SLLMWITQC
KVEEVELPV,0,c259,SLLMWITQC
FLEPTEQPL,0,c259,SLLMWITQC
ELFPEELSV,0,c259,SLLMWITQC
ELYEVKFEI,0,c259,SLLMWITQC
